#{"t_start": 1765741133.9180944, "env_id": "None"}
r,l,t
-6.846228,400,6.551093
37.892742,133,8.353999
-27.279755,400,12.854521
-42.314363,64,13.739981
-46.377781,3,13.808848
103.939755,166,15.59668
54.031051,142,17.22258
11.883283,133,18.780135
-6.111643,133,20.383984
-77.917082,133,21.948673
-69.429385,133,23.538922
-39.660184,9,23.672855
108.176871,133,25.341865
21.729651,400,29.986677
-6.707227,36,30.440709
108.176721,133,31.917493
108.17684,133,33.530185
108.179725,133,35.085248
-70.459403,133,36.657255
56.28058,143,38.370777
99.771457,1,38.417638
-48.815262,133,40.077841
99.771457,1,40.125565
99.771457,1,40.177428
-50.29817,46,40.726565
-51.687661,10,40.871214
-57.209208,135,42.370553
67.584788,297,45.643787
-47.327153,36,46.048987
99.771463,1,46.096625
109.941879,143,47.638252
-6.109508,133,49.188313
37.862878,133,50.688599
-47.450315,143,52.333305
-71.229821,164,54.146767
11.883527,133,55.664847
-6.043694,134,57.369386
-70.815528,192,59.595338
6.437813,400,64.192698
177.087985,198,66.458838
99.779673,1,66.506727
-48.869804,133,68.005002
-33.104084,14,68.188086
-76.605531,251,71.119942
109.972382,143,72.727592
108.16664,133,74.340559
108.164594,133,75.941237
119.760491,170,77.794853
109.951529,143,79.429142
4.090373,400,83.903681
-51.437822,29,84.297739
108.176898,133,85.773446
-2.171851,400,90.287237
-6.820129,400,94.642776
19.104136,400,98.965066
11.879007,133,100.439548
108.885459,145,102.05774
6.894645,400,106.530769
8.078394,400,110.906366
-5.230539,400,115.250957
108.177823,133,116.73535
11.65844,133,118.133
11.783045,133,119.640448
99.771704,1,119.688461
99.771657,1,119.740056
-51.2141,32,120.167424
-33.104071,14,120.355044
56.280295,143,121.934085
-22.895518,400,126.425871
-21.076032,24,126.763521
-57.485611,390,131.120661
108.161082,133,132.646798
-47.466003,133,134.119984
109.941894,143,135.652812
108.179119,133,137.170324
37.87371,133,138.840724
41.77881,400,143.194549
-15.510961,400,147.637031
108.162675,133,149.090801
109.941896,143,150.678811
-55.524032,133,152.21029
12.225769,400,156.652944
0.700995,400,161.241561
108.161668,133,162.748899
-15.948562,400,167.335308
109.882316,142,168.921328
42.659856,135,170.342592
-46.627249,132,171.989297
-38.115543,10,172.13675
48.550173,400,176.616121
-46.967903,132,178.149555
-46.733581,132,179.572417
109.883043,142,181.157118
108.133082,133,182.76632
11.622666,133,184.161831
-47.317903,133,185.606869
10.608294,133,187.166967
63.473554,144,188.759391
-22.271996,23,189.041482
-49.550764,56,189.65498
-17.666135,400,194.282816
63.345981,144,195.984303
-54.382844,20,196.24243
99.914682,1,196.290824
-49.911331,17,196.593814
108.161277,133,198.124984
-80.882533,263,201.023033
-14.777416,400,205.477244
3.110143,400,210.164209
205.792545,400,214.558947
69.311655,146,216.172127
108.177039,133,217.748384
8.728905,400,222.318806
99.771457,1,222.370572
109.94188,143,224.044097
9.786461,400,228.728943
99.771457,1,228.780722
-2.565273,400,233.31872
108.177039,133,234.931527
-48.017611,133,236.491811
-49.967482,14,236.68138
-47.817775,133,238.205786
109.873127,142,239.761302
-47.707599,133,241.215159
-39.928112,174,243.123715
-38.925016,148,244.790128
-0.222201,400,249.309052
95.736364,134,250.929812
-24.675098,21,251.186932
-48.294258,133,252.750292
-55.550296,94,253.85273
109.941889,143,255.60235
40.409735,131,257.03274
109.882495,142,258.55981
108.177823,133,260.139142
109.94188,143,261.824552
-50.01022,1,261.872468
11.877731,133,263.409699
56.469858,144,265.082742
-54.592518,22,265.348765
-6.985825,400,269.698221
95.81071,134,271.430233
108.177823,133,272.96022
57.237137,141,274.568636
57.053938,140,276.121253
108.176721,133,277.641218
80.957383,195,279.886418
-49.931001,16,280.090936
11.880618,133,281.662867
-9.875811,34,282.100491
68.236717,147,283.714194
101.207718,1,283.762019
99.771457,1,283.812151
-35.515504,12,284.017636
17.02469,400,288.607187
1.231233,400,293.315991
65.648451,400,297.762976
11.884148,133,299.218532
57.044969,140,300.79069
243.117396,369,304.893286
-1.911034,400,309.616628
56.956457,140,311.505626
99.771457,1,311.553169
-45.64739,10,311.696453
0.021722,400,316.105211
99.905633,1,316.155826
207.211339,242,318.845498
-49.964267,1,318.900898
-1.33971,400,323.503259
-42.351727,149,325.228305
199.240684,291,328.545991
-37.794218,11,328.707097
109.941879,143,330.40445
109.88332,142,332.102713
-50.02325,2,332.164161
19.780028,397,336.771231
-49.892109,18,337.009187
109.941879,143,338.802776
-48.496479,329,342.412916
-23.209811,132,343.913222
108.176721,133,345.40898
-48.856901,1,345.461315
99.771457,1,345.508767
-2.196125,400,350.112806
78.480243,400,354.417243
11.879441,133,355.924622
108.173662,133,357.433066
99.771457,1,357.484686
99.771457,1,357.533256
-33.958825,14,357.75888
78.743437,400,362.188748
-14.485854,400,366.671351
309.259871,400,371.569746
-39.14292,9,371.708371
56.618547,141,373.420595
-16.860929,400,378.299073
142.022063,400,383.063342
3.894462,400,387.739525
108.179778,133,389.416247
-25.480782,31,389.858664
108.179607,133,391.49796
-50.141603,2,391.558953
-50.010236,1,391.606252
-11.826732,133,393.148565
204.423488,224,395.942842
-15.228514,400,400.564891
11.881058,133,402.2551
99.771457,1,402.307366
-7.818363,400,406.796694
19.302352,59,407.587404
99.771454,1,407.640595
-52.597587,125,409.167997
-4.394182,400,413.693163
-21.144932,400,418.473669
104.152438,138,420.073599
-50.02648,3,420.146698
109.941888,143,421.701175
99.771457,1,421.753211
75.633699,400,426.585334
11.881031,133,428.162372
108.177039,133,429.783698
99.780378,1,429.832893
56.426264,141,431.58198
263.302301,273,434.823474
-28.377794,135,436.455829
99.771457,1,436.503206
-50.031263,4,436.584877
99.771457,1,436.635115
38.012317,133,438.083454
99.771457,1,438.135209
-19.955883,400,442.50927
-21.566429,400,446.891197
-52.03581,33,447.266588
109.941879,143,448.857142
-28.047827,19,449.092707
89.97405,164,450.988292
108.179725,133,452.595063
105.857277,148,454.322048
37.945505,133,455.781621
-15.306076,400,460.176448
99.771457,1,460.227941
-48.711193,43,460.751037
18.202629,58,461.458206
120.293629,400,465.805714
122.338921,400,470.205333
-16.241167,400,474.720076
11.881091,133,476.170455
-8.421161,119,477.660498
-39.740273,162,479.507929
-49.185564,34,479.953622
-28.284987,18,480.195717
190.736835,219,482.801392
11.882865,133,484.339107
109.941879,143,486.075011
56.603762,141,487.676187
75.361574,400,491.976509
37.87132,133,493.495854
-6.226053,133,494.935031
108.154462,133,496.426686
11.881085,133,497.834914
-15.872159,400,502.293977
109.941879,143,503.885665
-8.051712,36,504.29161
-17.70247,400,508.723673
108.176721,133,510.268731
99.771457,1,510.319893
-49.982372,13,510.509135
-5.680522,38,510.954696
37.871765,133,512.435991
-29.641537,400,516.698149
108.153599,133,518.205438
-45.554533,104,519.3898
-23.55935,22,519.660861
99.771457,1,519.712028
11.547834,158,521.378179
-42.610257,206,523.653241
99.771457,1,523.700862
108.158655,133,525.1394
-30.882234,400,529.451122
99.771457,1,529.499034
5.856059,400,533.969361
-31.206424,400,538.315605
101.202946,1,538.367218
-50.025703,3,538.435798
-11.861638,400,542.822886
384.215981,400,547.401948
-15.919302,400,551.96191
-12.309247,400,556.323032
99.771457,1,556.374146
-6.131227,133,557.805429
-50.698863,400,562.201524
200.186579,220,564.724833
128.57511,400,569.113717
-59.265894,400,573.549584
11.881098,133,575.270798
-40.447783,174,577.273692
37.86841,133,578.719837
99.771457,1,578.777613
37.866355,133,580.270253
11.881101,133,581.943285
187.045432,208,584.132338
-48.805108,1,584.18078
56.801867,140,585.712866
99.997223,1,585.763804
-0.190626,400,590.358518
108.161028,133,591.87949
99.831434,1,591.930792
137.606602,400,596.308608
4.32688,400,600.65173
-16.539158,400,604.884714
-38.684809,400,609.300252
11.881084,133,610.785394
240.675961,252,613.408265
-32.827311,15,613.607555
-18.410211,400,618.082785
101.166307,1,618.130725
-23.370336,23,618.451149
-48.917655,22,618.720479
-3.12556,400,623.030244
-1.870962,400,627.403037
109.841167,144,629.206198
14.797788,110,630.384815
181.332372,203,632.695335
108.176721,133,634.234366
99.936155,1,634.282115
97.982181,125,635.762051
99.771457,1,635.810063
108.790472,175,637.680052
109.941879,143,639.256617
-41.60171,400,643.552176
-47.712834,2,643.612333
56.879126,140,645.13234
108.176721,133,646.748308
34.331794,130,648.15718
-33.459651,177,650.103252
356.219177,400,654.516564
-48.337496,48,655.047159
192.549601,213,657.40119
11.879397,133,658.887912
1.404055,400,663.208455
57.888363,141,664.770181
42.608962,400,669.087526
325.575375,400,673.781744
108.176721,133,675.358684
-49.886908,1,675.409732
-17.504957,28,675.757722
11.882302,133,677.323409
56.757203,141,678.931892
119.691372,144,680.597944
11.880906,133,682.00915
345.753181,400,686.258368
56.348239,143,687.877101
-50.0104,1,687.926779
23.36754,400,692.658868
-47.408373,67,693.529505
-48.235109,35,693.968673
-2.111434,400,698.514391
35.390887,400,702.984146
11.883524,133,704.563915
172.142856,195,706.838798
-3.205284,400,711.43247
99.771457,1,711.483771
-17.999544,400,715.801966
37.866128,133,717.285197
-19.088823,32,717.653499
-50.07368,32,718.024473
31.241351,400,722.411857
-44.05685,257,725.311577
111.759829,144,727.006351
108.181323,133,728.469095
-17.522839,400,732.898319
109.200788,193,735.068843
-13.935366,30,735.424481
-50.147597,1,735.471287
99.771457,1,735.521612
37.861274,133,736.988669
44.879485,139,738.606766
41.26693,400,743.073035
-46.377827,3,743.143366
99.933263,1,743.196544
102.821558,166,744.977326
37.866036,133,746.550015
108.164659,133,748.080215
-7.153906,400,752.600097
99.771457,1,752.646677
108.176721,133,754.164738
-5.615765,400,758.603022
-73.601127,346,762.628778
227.796125,240,765.418574
56.301617,143,767.04693
107.15128,174,768.972961
-4.000468,400,773.430875
210.519133,400,777.901135
-4.057314,400,782.372441
124.92811,400,787.002531
-47.5854,2,787.064988
205.458745,400,791.413228
-12.083703,400,795.843864
174.550026,197,798.378308
8.932188,57,799.029037
37.866334,133,800.523687
-14.758604,400,805.074081
-7.571122,400,809.479004
108.179725,133,810.968531
0.180444,43,811.45215
-12.67789,31,811.809926
108.179725,133,813.336432
109.941895,143,814.99092
56.287267,143,816.586009
108.177009,133,818.205725
-49.875927,21,818.472893
99.771457,1,818.520208
108.176721,133,820.026181
205.79984,400,824.602575
11.881105,133,826.155115
56.282136,143,827.726558
-9.795841,400,832.375108
-0.960304,400,836.925672
-44.846971,400,842.277435
-30.631731,144,843.998535
108.163024,133,845.620617
-33.097969,14,845.820367
-49.888818,1,845.887182
55.317222,143,847.516591
11.880939,133,849.073097
-42.755874,6,849.177442
109.885609,143,850.847621
99.771457,1,850.90015
-24.989605,132,852.435447
-53.724219,24,852.77444
-50.196485,21,853.083152
103.913046,165,854.982347
56.303802,143,856.708231
85.897096,400,861.289804
64.661242,146,862.885776
68.516785,143,864.523179
-13.707845,133,865.994243
100.051149,1,866.045196
108.163235,133,867.553477
99.771457,1,867.605848
-11.055323,400,872.127234
56.284895,143,873.724478
-49.967466,14,873.905495
-68.562963,157,875.726542
122.779554,400,880.279163
108.176721,133,881.720582
64.775347,146,883.326855
116.90325,400,887.728742
99.771457,1,887.780375
56.284886,143,889.535737
391.407219,400,894.043169
-11.873443,400,898.441964
-12.075908,32,898.814184
473.590112,400,903.304127
37.865933,133,904.892402
407.505597,400,909.38465
109.941873,143,910.988668
108.165261,133,912.591192
-69.672856,140,914.176122
-8.881806,400,918.686399
99.771457,1,918.734042
162.232131,186,920.875364
99.771457,1,920.926411
109.941895,143,922.530813
161.062985,185,924.576469
-18.669978,26,924.890425
101.204755,1,924.938882
-48.447002,49,925.538681
31.498338,157,927.271256
106.778281,225,930.049577
-5.637395,400,934.527859
160.142704,185,936.58586
108.160972,133,938.095043
447.341908,400,942.579537
20.455868,400,946.981928
63.872105,185,949.022832
-71.227823,360,953.109143
56.281172,143,954.68985
56.281948,143,956.403326
130.713368,400,960.830411
11.883527,133,962.400452
108.176721,133,963.937879
141.194955,315,967.357625
56.283854,143,969.03207
2.72022,400,973.367155
108.177823,133,974.842573
65.386961,187,976.948451
11.881392,133,978.547323
89.725361,400,983.020907
374.993191,400,987.579211
109.872691,142,989.257279
108.164615,133,990.773094
344.404607,336,994.481108
-16.495429,29,994.821576
-46.246118,273,997.958475
99.985935,1,998.009721
163.615774,188,1000.065771
53.722582,108,1001.354556
99.771457,1,1001.402322
108.176721,133,1002.916183
-50.126815,35,1003.315905
99.952526,1,1003.366657
11.881102,133,1004.878474
-6.29884,133,1006.356857
57.038578,151,1007.962148
11.881102,133,1009.515487
235.994309,253,1012.40789
-19.814037,25,1012.727771
-45.764798,181,1014.904867
99.771457,1,1014.956179
162.38792,187,1016.985513
99.921336,1,1017.036584
226.351218,244,1019.932957
-46.744156,152,1021.717223
52.79136,150,1023.546393
11.881084,133,1025.21944
108.165224,133,1026.923571
109.941888,143,1028.580821
111.933116,156,1030.338214
108.165156,133,1031.867641
109.941879,143,1033.481504
111.359372,400,1038.457895
108.165223,133,1039.925418
230.578786,248,1042.709393
-47.712148,2,1042.768219
81.892721,400,1047.278041
3.991591,400,1051.6578
108.17698,133,1053.164393
108.176837,133,1054.757951
109.864741,142,1056.363779
157.826047,183,1058.578491
11.286995,60,1059.282235
139.870061,246,1062.169514
91.273838,175,1064.274267
-50.007148,1,1064.325214
130.807501,163,1066.149074
128.458745,161,1067.990534
129.559547,250,1071.051839
108.165228,133,1072.608307
-3.569332,135,1074.14704
458.746808,400,1078.895022
108.176976,133,1080.414012
1.308861,400,1085.002889
11.881021,133,1086.428494
-50.834672,16,1086.634692
179.875624,400,1091.093022
109.839768,142,1092.752324
108.177823,133,1094.18201
-33.869793,14,1094.453793
11.881026,133,1096.075839
43.090425,134,1097.694356
-2.06701,400,1102.25635
6.969286,107,1103.647645
11.881028,133,1105.247644
11.883331,133,1106.795267
108.161009,133,1108.4292
99.771457,1,1108.481033
183.864072,400,1113.281709
99.771457,1,1113.330662
119.398313,152,1115.091218
-71.176947,153,1116.786696
6.236316,125,1118.203904
226.200937,400,1122.733804
-44.511442,170,1124.669535
32.636532,70,1125.445078
168.787483,192,1127.568982
108.179266,133,1129.022434
-21.088062,25,1129.362821
40.444229,134,1130.922992
121.010436,155,1132.714314
350.06114,337,1136.411227
206.920253,227,1138.981949
19.986734,116,1140.315529
-15.07531,29,1140.661049
109.257943,400,1145.284626
178.32431,400,1149.901713
99.771457,1,1149.954516
-24.675869,21,1150.224384
126.378183,158,1152.140594
122.285662,156,1153.896363
99.921221,1,1153.947549
108.176721,133,1155.415473
86.891863,400,1160.048711
112.323419,145,1161.726825
-55.072466,58,1162.376965
11.880288,133,1163.841073
89.17075,204,1166.209861
15.302367,400,1170.665989
207.962876,228,1173.136746
209.091072,229,1175.803623
137.783012,400,1180.297356
108.16285,133,1181.763237
-37.053661,177,1183.816158
44.941514,400,1188.31507
99.78684,1,1188.359903
99.771457,1,1188.409814
109.941895,143,1190.020787
108.162779,133,1191.661735
196.964167,218,1194.008993
51.307808,138,1195.663114
-49.888746,18,1195.900303
168.74845,400,1200.384097
109.941873,143,1201.997105
11.880936,133,1203.57114
99.771457,1,1203.617926
102.895912,400,1208.029665
141.935574,217,1210.408437
187.651536,208,1212.735148
342.280139,332,1216.397882
112.205065,400,1220.889226
45.430847,135,1222.447551
160.884156,230,1225.114784
99.771457,1,1225.164684
-45.031353,271,1228.34518
108.176721,133,1229.858948
109.433121,400,1234.253209
-2.877772,400,1238.836506
115.368215,348,1242.802542
95.299378,315,1246.398211
145.705025,172,1248.35832
-50.134158,18,1248.582943
99.771457,1,1248.632703
97.892316,400,1253.062719
183.606208,400,1257.681515
-22.379355,24,1258.006886
145.705225,172,1259.867715
212.280517,400,1264.633032
-49.974598,13,1264.813229
-35.068622,13,1264.998647
185.733696,208,1267.388629
-2.734008,400,1271.859856
70.421513,101,1273.082142
-44.494808,230,1275.660332
-42.755529,6,1275.765953
205.6672,400,1280.503581
136.952352,167,1282.438731
250.215622,400,1286.918514
37.866447,133,1288.391593
216.15644,400,1292.904228
-49.440256,109,1294.085244
108.165187,133,1295.602145
108.176721,133,1297.120532
205.024281,400,1301.643687
1.638084,400,1306.180418
-1.300636,400,1310.719876
188.833502,211,1313.085057
212.95364,233,1315.621379
-50.421472,27,1315.938307
2.21495,400,1320.583429
220.057305,400,1325.019763
-8.50327,35,1325.467872
69.309525,158,1327.285228
108.165185,133,1328.865233
108.177823,133,1330.297153
108.162754,133,1331.741996
11.880602,133,1333.342515
144.261859,400,1337.823272
10.172253,400,1342.294705
-3.47595,400,1346.848362
472.992606,400,1351.224775
108.177823,133,1352.76693
99.771457,1,1352.815855
11.881104,133,1354.294719
85.836103,150,1356.141497
-50.171804,1,1356.191203
165.667816,183,1358.307415
139.238504,400,1362.717202
99.884634,1,1362.765278
101.205054,1,1362.808539
99.771457,1,1362.85717
-1.211433,400,1367.29148
108.162754,133,1368.758204
-48.856546,1,1368.806071
-25.715827,21,1369.062509
57.397332,141,1370.705307
-41.549029,7,1370.817747
99.771457,1,1370.870213
241.121881,400,1375.538716
63.259259,148,1377.217582
103.640687,151,1378.923199
-8.448816,48,1379.510279
236.641406,400,1383.919956
37.85503,134,1385.402552
202.652602,222,1387.836958
58.362512,145,1389.66856
147.952664,175,1391.642061
109.941895,143,1393.417534
3.328187,400,1397.989139
1.118796,400,1402.498236
217.973036,400,1406.984763
144.586337,171,1409.044722
200.841479,221,1411.69015
232.227389,400,1416.307986
99.771503,1,1416.354943
25.944985,400,1421.060216
101.979481,400,1425.537982
-35.075559,13,1425.755042
105.536192,392,1429.995245
469.443886,400,1434.450243
-48.856672,1,1434.499005
469.744163,400,1439.015373
11.880845,133,1440.488153
130.733303,228,1443.039049
-33.909948,14,1443.224494
169.020842,400,1447.747509
92.653022,377,1451.993726
-6.200146,400,1456.440695
191.916143,400,1460.970735
108.176112,133,1462.579316
179.000046,400,1467.04679
227.761974,239,1469.66684
11.867233,133,1471.120833
99.771561,1,1471.169025
209.554806,229,1473.679075
-50.367991,14,1473.868178
-0.812215,400,1478.482378
108.176721,133,1479.996587
36.873059,244,1482.64791
-51.081656,114,1483.946677
-1.686365,400,1488.315822
108.160957,133,1489.973991
108.165223,133,1491.54054
99.771495,1,1491.592016
-0.891614,400,1496.150383
162.4947,400,1500.658195
183.107588,228,1503.231579
108.176721,133,1504.751102
-4.751619,400,1509.213368
50.837458,366,1513.206886
114.11239,260,1516.044473
140.159853,400,1520.440214
205.615573,269,1523.504443
11.879936,133,1525.065487
104.879115,130,1526.618593
-24.862594,36,1527.053283
137.064499,348,1530.895257
-50.012746,17,1531.119271
-19.866567,26,1531.468752
-11.234038,147,1533.143548
169.272568,400,1537.526638
108.176721,133,1539.124461
108.176721,133,1540.582887
213.818948,400,1545.168887
373.94979,400,1549.563285
207.127566,400,1553.926219
218.60272,400,1558.251105
11.883989,133,1559.874084
50.147523,154,1561.603358
2.169614,400,1566.096893
100.06309,1,1566.144692
206.522719,400,1570.633618
352.354832,400,1575.319185
11.754447,134,1576.918182
125.828454,400,1581.377595
11.861971,133,1582.848404
206.753509,400,1587.350963
108.176721,133,1588.818496
-50.098091,14,1589.006948
129.069079,400,1593.398437
11.880863,133,1594.951996
82.568464,386,1599.262224
56.280232,143,1600.818867
358.798722,400,1605.28181
108.177823,133,1606.754063
6.569889,47,1607.3731
-48.182608,177,1609.441582
-49.460073,19,1609.682625
11.881057,133,1611.202473
182.626694,400,1615.697732
99.771457,1,1615.746087
99.771457,1,1615.794962
136.155423,351,1619.692222
-48.793031,1,1619.741221
56.280099,143,1621.470379
99.965477,1,1621.519243
205.533089,225,1624.213548
108.190392,133,1625.655165
23.373078,140,1627.259948
2.985818,400,1631.832821
-48.856845,1,1631.879744
100.007294,1,1631.92733
239.921861,400,1636.320037
145.323856,243,1639.100963
203.629197,400,1643.543391
100.526822,281,1646.750641
-16.398033,29,1647.092793
283.897177,315,1650.671084
108.17666,133,1652.144085
-0.682618,400,1656.609092
282.159374,400,1661.135552
98.921505,125,1662.648738
90.76759,400,1667.151078
110.458888,135,1668.690459
11.880734,133,1670.193086
-2.432191,400,1674.602155
-50.700105,168,1676.456017
109.941871,143,1678.060908
163.188908,400,1682.491602
116.067985,158,1684.320327
-45.651784,18,1684.554052
3.433305,400,1689.067396
93.923412,281,1692.118299
-49.99341,1,1692.164304
215.42506,400,1696.654423
163.741841,400,1701.140521
187.244518,400,1705.70563
108.898213,379,1710.067175
11.88076,133,1711.594492
11.609206,134,1713.190409
156.418194,400,1717.862329
108.176721,133,1719.329447
127.123058,400,1724.060844
-39.659237,9,1724.233812
10.665137,133,1725.825465
99.771457,1,1725.870722
5.031401,47,1726.404414
193.726297,248,1729.190179
11.880842,133,1730.657919
99.771457,1,1730.707259
-27.08175,19,1730.939547
109.941879,143,1732.574413
13.103977,134,1734.064406
6.112244,48,1734.604812
140.767276,171,1736.631819
394.115078,400,1741.173244
195.762916,400,1745.700197
-50.011434,8,1745.822198
-50.086807,14,1746.044167
99.771457,1,1746.092615
112.484749,138,1747.689243
108.177558,133,1749.179624
-29.283806,18,1749.413561
108.176979,133,1750.917112
203.109113,400,1755.439558
159.236146,400,1759.86287
0.957226,149,1761.540314
-3.018304,39,1762.026526
-9.098186,34,1762.426067
110.52188,135,1764.09033
21.807281,61,1764.808155
66.335685,98,1765.921168
11.87622,133,1767.417537
266.473524,269,1770.513222
473.05911,400,1774.95851
109.941878,143,1776.621623
107.223176,371,1780.843055
11.880093,133,1782.323098
99.771457,1,1782.371814
217.229025,400,1786.740993
109.941879,143,1788.290184
469.47176,400,1792.872441
99.771746,1,1792.92039
139.503147,170,1794.750201
108.177823,133,1796.304325
-36.579385,17,1796.560572
298.287964,297,1799.88663
99.932411,226,1802.635941
218.485033,232,1805.430064
169.025277,400,1810.097
-50.035889,5,1810.189613
130.58494,329,1813.752336
11.88076,133,1815.262008
470.754481,400,1819.682035
215.661481,400,1824.163817
119.447672,399,1828.783987
165.121579,400,1833.27306
11.88076,133,1834.818483
117.951127,148,1836.579513
99.912051,1,1836.625116
11.881111,133,1838.144528
-31.510208,16,1838.356725
108.179725,133,1839.859742
-2.663353,400,1844.578367
-4.87288,400,1849.079472
-50.024144,4,1849.159037
-49.969,1,1849.207394
109.941879,143,1850.89635
-5.012502,400,1855.520567
-10.630327,400,1859.992182
213.573214,400,1864.643451
140.286841,357,1868.734613
109.941878,143,1870.441744
-41.548424,7,1870.556404
-2.947986,400,1875.193273
189.953582,204,1877.524816
187.732871,202,1879.805226
-51.695265,180,1881.889583
108.176721,133,1883.515014
114.585866,221,1886.108591
-28.27245,18,1886.373609
123.020112,146,1888.05299
195.426298,218,1890.699924
187.351437,210,1893.03772
109.941879,143,1894.737977
-21.022906,25,1895.121652
99.899323,1,1895.167572
108.179725,133,1896.769819
-6.091053,400,1901.183086
108.176721,133,1902.753922
461.108497,400,1907.202154
90.224158,272,1910.397552
32.069075,400,1914.91705
99.771716,1,1914.965998
99.771716,1,1915.0098
-7.258516,400,1919.500074
99.771471,1,1919.54926
4.310849,45,1920.070633
-2.665991,49,1920.641623
196.820598,230,1923.37889
-6.32128,400,1927.840835
215.657457,400,1932.297831
109.961249,144,1933.860259
204.823443,400,1938.500134
-3.120206,400,1943.06566
5.149292,46,1943.668563
97.053931,142,1945.195408
108.065324,137,1946.666626
-28.036593,19,1946.94841
169.142874,194,1949.262393
145.800802,172,1951.284243
-9.072331,34,1951.694416
-1.035952,145,1953.432754
176.962978,199,1955.723317
162.531024,195,1957.886866
82.548949,383,1962.133075
90.586305,118,1963.456257
134.138738,164,1965.334671
-31.543895,16,1965.58304
246.060706,400,1970.160623
239.231567,400,1974.698374
100.002633,1,1974.742789
11.883511,133,1976.32063
99.771461,1,1976.36481
176.894493,400,1980.956904
-3.17862,400,1985.424888
-18.670739,26,1985.741181
11.883523,133,1987.228113
180.077233,202,1989.571494
164.113341,196,1991.692472
225.877392,400,1996.164387
10.75696,135,1997.727412
10.803551,134,1999.280097
179.719972,400,2003.752457
108.173171,133,2005.301455
10.692265,135,2006.840585
37.061338,148,2008.587938
176.54728,200,2010.881401
198.915936,219,2013.299413
-1.706131,400,2017.750152
107.25775,328,2021.558172
-36.739991,11,2021.71839
186.106689,400,2026.201143
2.965181,400,2030.848446
198.963408,220,2033.489761
-9.610348,400,2038.008848
108.176889,133,2039.47111
197.739791,219,2041.943258
186.940974,211,2044.575891
116.770745,400,2048.992672
125.601846,253,2051.739017
-49.544549,64,2052.53414
125.887614,346,2056.442536
161.508035,400,2061.190212
187.228462,400,2065.601039
124.865778,348,2069.585288
1.586188,400,2074.20425
165.055814,400,2078.785393
454.83706,400,2083.307359
9.780451,135,2084.764357
-71.00702,150,2086.508035
167.713412,239,2089.297517
-71.474084,154,2090.986994
-24.662873,21,2091.257338
99.938066,1,2091.301749
-40.342448,8,2091.423902
-70.673166,146,2093.115485
99.771981,1,2093.165652
108.177038,133,2094.729158
23.74674,128,2096.168883
217.157623,400,2100.645845
113.338786,199,2102.821259
137.338387,256,2105.747474
471.285575,400,2110.354175
109.925222,143,2112.165331
145.729495,172,2114.147063
-17.053595,28,2114.483751
-49.887923,1,2114.532771
-40.101478,14,2114.720998
461.160705,400,2119.226217
-50.072434,5,2119.315223
100.007396,1,2119.363842
231.537599,400,2124.024911
146.909085,400,2128.597803
143.76027,342,2132.540611
177.104109,400,2137.048958
-33.193057,14,2137.244491
-39.182055,9,2137.376393
-48.856549,1,2137.424809
-11.64967,400,2141.933817
184.643464,400,2146.561769
99.816503,1,2146.606124
129.731601,352,2150.510756
9.599767,135,2152.037108
-50.359562,13,2152.209635
370.395313,400,2156.743271
249.405124,400,2161.321335
205.97541,400,2165.88808
210.881235,400,2170.419733
-50.625949,18,2170.651747
-1.044895,143,2172.356843
202.273992,400,2176.895674
99.842018,1,2176.940392
267.957789,400,2181.735052
-19.071096,400,2186.206847
203.575483,292,2189.737741
6.045707,49,2190.347994
108.175798,133,2191.940086
160.13691,214,2194.423184
254.975251,400,2199.012455
99.905757,1,2199.063281
255.460188,400,2203.533117
-33.980399,375,2208.100048
204.115849,224,2210.632639
-33.099654,14,2210.820765
-50.10504,6,2210.924038
196.417511,210,2213.406713
-46.562925,3,2213.477002
-13.460208,400,2217.988287
263.183657,400,2222.840587
468.215652,400,2227.361496
199.956743,400,2231.820524
107.250427,172,2233.7809
-39.661069,9,2233.911151
-45.730071,34,2234.313569
114.785456,138,2235.947431
155.141575,173,2237.959903
-13.960268,31,2238.3361
134.282849,181,2240.462238
139.170868,166,2242.480584
99.861747,1,2242.525512
99.85369,1,2242.574148
-11.342056,32,2242.961225
99.877816,1,2243.007548
11.880933,133,2244.531759
10.889882,134,2246.123816
-4.465891,400,2250.520957
167.861983,207,2252.870418
-13.427406,394,2257.478482
149.840932,237,2260.199947
148.217897,215,2262.731663
180.09619,202,2265.047042
186.273486,400,2269.54526
-7.529909,400,2274.264066
202.095631,222,2276.733668
2.603605,45,2277.25952
84.468391,387,2281.606462
-31.892973,15,2281.845138
195.037688,400,2286.525805
108.161394,133,2288.026244
13.146699,400,2292.576876
353.733071,400,2297.163882
13.925406,110,2298.455547
11.881034,133,2300.04413
153.739439,372,2304.419446
-49.876949,5,2304.5094
11.881111,133,2305.961448
-50.45568,30,2306.316407
206.17927,219,2308.982454
322.405661,400,2313.682189
109.940749,143,2315.329066
10.799462,134,2316.836478
189.981949,297,2320.274536
146.695276,362,2324.465055
-7.096526,400,2329.103871
83.561095,382,2333.359277
470.85204,400,2337.924173
330.364801,400,2342.72565
99.852524,1,2342.774461
-28.383978,33,2343.158746
215.331835,400,2347.791842
108.173376,133,2349.26431
270.860222,297,2352.728058
274.709176,279,2355.855871
111.167733,181,2357.989155
97.938201,171,2359.925065
-47.585756,2,2359.982146
-10.428422,170,2361.982798
99.858945,1,2362.02766
113.49721,400,2366.796597
99.894228,1,2366.845643
102.866114,400,2371.364671
99.837273,1,2371.413024
-49.942139,1,2371.460407
150.624822,177,2373.489566
143.299639,373,2377.656048
17.469152,168,2379.554332
119.71797,347,2383.657978
105.907308,169,2385.668626
-1.895831,400,2390.286625
84.491944,385,2394.671159
228.360683,400,2399.129502
-17.432359,27,2399.509225
143.299097,371,2403.908566
121.648342,192,2406.162642
149.989942,379,2410.621947
99.879955,1,2410.666741
-32.802327,15,2410.87569
-1.373105,400,2415.485512
-19.714831,400,2419.938147
99.871276,1,2419.98387
195.672547,400,2424.541379
-46.705875,28,2424.887195
11.881153,133,2426.438805
135.307282,199,2428.760632
158.745801,184,2430.900961
99.847106,1,2430.950102
242.949627,400,2435.779613
294.042458,370,2440.087108
228.052221,269,2443.133849
28.268537,400,2447.745157
194.510287,400,2452.369711
193.950024,400,2456.899074
99.82684,1,2456.948169
-4.021407,400,2461.486333
-50.006325,11,2461.64027
171.304403,195,2463.882614
80.842514,132,2465.43288
115.036024,400,2469.907926
81.838511,378,2474.119984
160.975756,188,2476.33908
-50.09176,9,2476.474833
-0.349977,400,2480.982889
149.336998,177,2482.945965
338.468388,400,2487.495099
-1.885859,400,2492.23877
108.177056,133,2493.846787
336.509898,400,2498.307167
121.75546,255,2501.199271
81.778383,376,2505.598607
126.356251,177,2507.553604
-22.279369,24,2507.844799
205.872049,400,2512.362664
-9.427009,35,2512.781449
125.264217,177,2514.818565
-47.481493,34,2515.220059
107.263851,132,2516.813445
99.796887,1,2516.863419
108.280801,133,2518.411108
169.539635,400,2522.944332
311.217294,306,2526.424185
-4.759458,400,2531.01317
162.606569,203,2533.269349
152.804828,179,2535.375283
120.198853,151,2537.063805
109.931031,143,2538.63383
100.000149,1,2538.682174
163.746078,400,2543.323181
211.941196,400,2547.908164
83.601075,383,2552.220448
147.453322,174,2554.195451
350.917894,400,2558.644344
-48.786097,1,2558.694963
212.615811,400,2563.1657
81.855869,378,2567.57943
99.772546,1,2567.624133
274.740255,284,2570.730392
99.775848,1,2570.778902
85.527642,388,2575.108929
159.566437,184,2577.284836
159.666111,184,2579.356049
204.353545,400,2583.956706
219.983341,400,2588.446817
303.7958,400,2593.050614
454.33209,373,2597.311534
228.24406,400,2601.935853
100.129468,1,2601.986827
-49.713805,24,2602.282627
11.878218,133,2603.767737
11.877344,133,2605.247649
-5.171812,400,2609.720879
99.77155,1,2609.766498
294.405727,400,2614.431497
329.084529,400,2618.945228
178.943029,201,2621.195373
-50.401505,14,2621.386931
155.665447,381,2625.82589
305.280193,400,2630.303919
-22.341826,24,2630.645425
109.938075,143,2632.223571
-39.659059,9,2632.3509
180.3094,400,2636.78039
-25.855201,20,2637.071883
108.3919,133,2638.581082
124.635016,154,2640.301928
99.86567,1,2640.346301
-70.502613,338,2644.271425
138.468441,400,2648.761379
176.00527,197,2651.185833
146.22793,284,2654.361645
-3.012023,48,2654.914514
11.851229,133,2656.532064
109.935942,143,2658.114553
151.265939,290,2661.483466
99.771501,1,2661.528757
99.884826,1,2661.576137
99.771502,1,2661.620673
108.307657,133,2663.136486
99.931192,1,2663.181651
108.274393,133,2664.718276
109.936269,143,2666.413032
99.771471,1,2666.463235
171.112841,193,2668.781137
99.771583,1,2668.8302
190.288146,212,2671.266533
205.662945,225,2673.788561
2.947225,400,2678.275038
-48.460215,43,2678.77176
332.980449,400,2683.322197
-57.313408,369,2687.612977
-51.506284,375,2691.88414
52.520705,251,2694.773433
-0.913985,400,2699.404016
342.968617,400,2704.077061
-9.847246,34,2704.672635
11.883273,133,2706.114741
162.417287,186,2708.227167
33.224388,400,2712.655203
331.753268,400,2717.373668
160.87857,241,2720.192371
-7.129323,133,2721.705115
107.313689,132,2723.253948
296.212887,400,2728.002124
164.801152,396,2732.580453
158.97618,184,2734.685413
-6.106486,133,2736.299852
85.532054,388,2740.834762
109.935567,144,2742.475883
185.765543,205,2744.805787
47.257129,400,2749.458865
18.473615,400,2754.059063
11.883527,133,2755.569856
336.621332,400,2760.177908
183.855154,206,2762.505135
-6.100264,133,2764.040132
99.771458,1,2764.085005
10.789754,134,2765.729264
294.280144,400,2770.236009
9.604779,135,2771.769566
11.88076,133,2773.284221
99.771458,1,2773.334194
108.591088,133,2774.921793
-49.677363,25,2775.227961
463.247372,400,2779.766031
-51.724949,35,2780.184941
190.630337,338,2784.035686
-51.260123,73,2784.904377
106.621347,142,2786.562969
-9.950029,400,2791.076496
380.262717,372,2795.322879
255.009972,400,2799.906098
99.771458,1,2799.953098
-6.332765,37,2800.391874
99.77146,1,2800.437308
100.107236,1,2800.485682
106.634127,400,2805.075621
459.264551,400,2809.614095
199.345702,219,2812.083275
182.799877,205,2814.440063
136.309468,164,2816.28185
464.286026,400,2820.864836
142.027916,169,2822.834643
-49.957328,1,2822.884689
347.655263,400,2827.488278
-39.141467,9,2827.61979
11.880765,133,2829.139561
-50.033309,5,2829.229292
109.44706,134,2830.971533
85.522002,388,2835.319391
99.771549,1,2835.368155
183.5415,400,2840.04851
341.993026,400,2844.586171
11.88076,133,2846.097557
192.66194,400,2850.645669
136.946928,237,2853.60038
-49.934251,25,2853.906298
109.557548,134,2855.425871
467.297097,400,2860.061785
99.938249,1,2860.110252
100.017055,1,2860.155194
-49.099996,37,2860.658852
108.208458,133,2862.178976
-18.83168,135,2863.748342
-43.416312,389,2868.273645
160.881231,271,2871.384041
-42.757669,6,2871.488193
109.919095,265,2874.61659
-39.659043,9,2874.753685
-43.452329,218,2877.326956
132.587256,164,2879.210118
99.965223,1,2879.256741
11.881052,133,2880.886265
186.929039,208,2883.231052
180.618152,400,2887.757244
190.586559,212,2890.120267
-48.781737,35,2890.524685
-42.369424,205,2892.866099
195.425863,218,2895.368481
99.771458,1,2895.413388
152.119063,189,2897.767909
-44.27651,5,2897.859383
11.975014,133,2899.500679
-41.924365,198,2901.783755
181.38577,400,2906.266289
99.771472,1,2906.310864
182.590236,400,2910.927662
-33.868662,14,2911.116885
-45.425267,4,2911.235001
289.494885,400,2915.787749
466.990514,400,2920.219153
216.365124,237,2922.994879
266.124596,400,2927.547638
263.573719,400,2932.318347
337.127904,400,2936.834774
99.771482,1,2936.880712
109.522133,134,2938.361321
171.030794,400,2942.838303
148.749153,175,2944.825778
474.497898,400,2949.610528
99.771469,1,2949.658005
215.224827,236,2952.294544
273.824649,277,2955.474781
83.624835,382,2959.769812
-10.342188,400,2964.261285
1.236988,400,2968.882821
137.39417,166,2970.950266
-8.132855,36,2971.374977
180.478013,400,2975.836322
99.924323,1,2975.881345
148.913671,176,2977.83446
115.231378,139,2979.431963
156.086138,400,2983.874527
54.772974,400,2988.348046
99.772306,1,2988.392888
-50.506103,16,2988.637343
-50.009978,19,2988.886006
206.58713,227,2991.348728
99.771652,1,2991.397513
461.030148,400,2996.102538
460.157115,400,3000.595283
189.515689,400,3005.144562
148.975974,270,3008.312479
221.103722,241,3011.155897
100.130666,1,3011.206348
156.714881,400,3015.724904
145.686661,270,3018.859747
169.054,400,3023.484451
-6.102365,133,3024.984409
261.661765,400,3029.61167
195.181317,217,3032.252319
-6.100079,133,3033.767267
409.860821,295,3037.050123
11.88076,133,3038.659658
100.047058,1,3038.708633
163.835863,400,3043.230786
76.52747,105,3044.464167
160.731105,400,3048.951075
11.883527,133,3050.562484
202.099049,400,3055.056169
-6.101127,133,3056.577007
266.235694,400,3061.107154
455.547068,400,3065.836685
173.011046,196,3068.073906
-39.141997,9,3068.211228
100.027147,1,3068.256527
-5.56484,37,3068.73495
-44.250151,5,3068.863422
266.17055,400,3073.401676
294.001951,295,3076.791514
-6.100478,133,3078.365453
11.883753,133,3080.010774
-25.863933,20,3080.264212
163.677673,400,3084.72074
11.88076,133,3086.320748
150.083748,400,3091.009887
-46.565289,3,3091.079803
-25.868591,20,3091.328825
-50.025362,11,3091.48181
194.540909,400,3096.016803
100.120455,1,3096.066812
-8.687787,400,3100.537763
200.121384,214,3102.949382
453.570699,345,3106.904755
461.424205,400,3111.547096
109.941895,143,3113.239742
151.513361,400,3117.804485
170.313177,400,3122.31776
457.847817,400,3126.906941
460.938289,400,3131.466128
188.624468,332,3135.346846
-30.495908,17,3135.564623
100.031492,1,3135.618844
11.881027,133,3137.142135
482.196377,382,3141.403952
164.17781,189,3143.650097
449.592806,347,3147.736229
128.438771,150,3149.596022
-48.748645,9,3149.732376
209.696376,229,3152.250108
-41.551152,7,3152.365432
-34.3025,13,3152.575358
75.703235,400,3157.314174
466.805693,400,3161.957451
100.121283,1,3162.007217
-23.437985,22,3162.279278
109.921144,143,3163.892911
-6.100079,133,3165.551116
-11.04289,400,3170.182841
466.204665,400,3174.819074
113.287554,137,3176.38068
165.128863,189,3178.535867
141.434047,161,3180.383363
465.518934,400,3184.934997
-35.192427,28,3185.279174
-6.102365,133,3186.905061
11.881111,133,3188.462368
-16.192702,28,3188.886158
204.370574,225,3191.503163
-50.075627,9,3191.634709
-9.573033,400,3196.244826
462.982554,400,3200.781954
-9.000423,400,3205.499338
463.460115,400,3210.233058
463.343207,400,3214.942352
-6.099761,133,3216.5873
461.779385,400,3221.101505
43.556941,400,3225.71166
-49.609504,30,3226.146623
11.878905,133,3227.83283
143.66664,163,3229.651718
11.88076,133,3231.202631
460.029131,400,3235.808593
125.162526,147,3237.460401
11.88076,133,3238.954075
188.310421,209,3241.447809
459.365613,400,3245.901195
170.915168,400,3250.455878
267.355066,275,3253.656224
139.030164,159,3255.519091
277.282475,283,3258.622212
-28.166674,19,3258.86466
-6.100079,133,3260.510192
384.529537,400,3265.159826
263.322488,269,3268.214796
135.523902,156,3270.011081
273.172475,400,3274.677651
454.119077,355,3278.796721
140.876842,400,3283.283754
245.083908,400,3288.251876
134.543026,352,3292.42035
108.177059,133,3293.89643
-6.100079,133,3295.352449
194.987042,215,3297.832492
-28.051751,19,3298.083413
122.769304,152,3299.800983
155.569523,295,3303.323532
133.896418,400,3307.868578
108.177039,133,3309.341559
-50.010237,1,3309.389906
99.789029,1,3309.434126
-2.238483,400,3313.969215
99.840424,1,3314.020774
99.840425,1,3314.06535
108.177557,133,3315.543809
189.21728,211,3318.013827
-1.668473,400,3322.667546
108.17704,133,3324.226339
148.619722,400,3328.858404
171.30673,194,3331.160515
462.226498,400,3335.63611
-2.604231,400,3340.242969
-40.382185,8,3340.365235
137.336336,400,3345.05295
155.911864,324,3348.831219
-40.341441,8,3348.991148
463.253366,400,3353.729663
-25.711669,96,3354.823658
302.43664,302,3358.316324
272.340995,400,3362.898564
459.368468,400,3367.374697
198.685429,400,3371.868603
460.008465,400,3376.509908
158.890691,400,3381.324188
101.151174,1,3381.37125
453.7972,400,3386.279008
127.200986,400,3390.824366
453.493742,400,3395.48691
204.486988,390,3399.983389
463.734816,400,3404.801739
11.880968,133,3406.498286
1.669271,400,3411.111905
47.159639,276,3414.180022
-44.194718,5,3414.266966
371.913582,357,3418.513638
-24.641105,21,3418.777163
11.884038,133,3420.295632
-0.59074,400,3424.824684
179.840862,202,3427.111071
250.283673,400,3431.83534
150.279859,400,3436.418977
-39.669598,9,3436.553458
154.817127,400,3441.171165
377.893906,400,3445.709259
190.075586,211,3448.256964
101.168144,1,3448.303901
99.990597,1,3448.351864
187.20624,400,3453.007473
-2.897138,39,3453.460488
-16.120043,106,3454.718222
164.854577,400,3459.249016
225.855442,400,3463.754042
99.992041,1,3463.802932
-13.77878,30,3464.205528
101.181391,1,3464.250387
191.257617,400,3468.841449
-0.409794,400,3473.468586
-50.097034,9,3473.604219
-6.102365,133,3475.120894
-21.116086,25,3475.430974
-51.103978,28,3475.842899
7.09356,122,3477.282893
283.75046,400,3481.746533
-6.099761,133,3483.254576
-32.712009,15,3483.457383
155.022036,400,3488.036872
126.966705,400,3492.736871
285.662974,400,3497.378819
145.958884,400,3502.138067
129.507964,400,3506.961285
463.200585,400,3511.589732
101.195786,1,3511.63606
99.776196,1,3511.684714
-2.878055,400,3516.580284
125.505038,400,3521.299432
101.195682,1,3521.344283
163.620229,400,3525.988934
101.169481,1,3526.039195
139.721323,400,3530.631262
458.363818,400,3535.17377
244.535003,256,3538.179152
-48.856535,1,3538.223872
11.883527,133,3539.723633
137.576335,400,3544.278039
101.189771,1,3544.323443
-47.962158,16,3544.534467
101.167169,1,3544.582809
154.907474,180,3546.724109
214.889646,400,3551.425458
263.631579,267,3554.651369
183.486451,400,3559.28904
11.880842,133,3560.824216
178.691188,400,3565.415009
461.819436,400,3570.074935
-2.038934,400,3574.655321
297.442568,400,3579.244524
156.677537,400,3583.922493
154.108282,400,3588.569067
463.329273,400,3593.054424
215.36456,400,3597.602366
158.646614,400,3602.13152
-43.962707,5,3602.22029
215.090476,400,3606.842086
101.203605,1,3606.890865
466.913705,400,3611.435065
-39.661801,9,3611.571375
155.109021,400,3616.160291
-6.100079,133,3617.655885
-6.102365,133,3619.175247
-49.999073,14,3619.401925
197.540834,218,3621.98808
464.330549,400,3626.558073
109.941879,143,3628.23118
101.151672,1,3628.27617
80.772855,110,3629.528937
158.056056,400,3634.155732
451.705442,337,3638.029692
174.572845,400,3642.546805
339.54026,330,3646.294474
211.707274,400,3650.788361
-35.408448,13,3651.000449
11.88076,133,3652.486153
310.466462,400,3657.242997
-48.85655,1,3657.287879
11.881111,133,3658.864026
149.523469,400,3663.425255
391.929794,373,3667.765827
-50.419641,15,3667.976837
386.411649,400,3672.521306
-21.039829,24,3672.811712
-9.583864,400,3677.332672
213.509788,400,3681.804357
473.709084,353,3685.999015
-2.997602,145,3687.681996
11.883527,133,3689.239349
-36.190442,12,3689.407387
-16.20508,28,3689.807444
142.470405,162,3691.650278
200.88483,400,3696.262341
99.803408,1,3696.313337
186.658144,400,3700.968114
-48.793273,1,3701.013378
50.518238,154,3702.963022
135.520807,156,3704.966261
190.231338,400,3709.585072
308.44333,400,3714.18824
-35.573633,263,3717.4891
267.193346,400,3722.076426
-38.536258,90,3723.131736
100.002979,1,3723.179152
383.426127,400,3727.828224
251.486144,259,3730.775384
148.241044,167,3732.830071
-24.537845,22,3733.108514
339.467681,400,3737.738065
149.386147,168,3739.730777
100.137172,1,3739.78067
100.137173,1,3739.824896
148.45714,400,3744.294517
147.134789,166,3746.247833
-10.142971,400,3750.826218
-48.793288,1,3750.875997
202.705934,400,3755.583129
450.809435,336,3759.433009
-50.85769,22,3759.710826
200.2661,400,3764.444067
203.261746,400,3768.931121
143.705493,163,3770.764366
-9.796705,400,3775.223086
65.88831,330,3779.008696
-43.962582,5,3779.101928
164.081421,377,3783.321593
168.144256,400,3787.891197
157.521998,338,3791.909466
196.144706,400,3796.410339
101.182018,1,3796.45954
100.49026,400,3801.140283
192.54803,400,3805.739355
238.432459,400,3810.258961
5.521799,46,3810.795624
-48.844155,1,3810.841554
-21.059839,24,3811.139282
116.951665,400,3815.653409
219.221692,400,3820.257264
331.388682,400,3824.788007
-16.167587,299,3828.249036
167.934033,308,3831.613966
445.511717,341,3835.486344
449.752486,334,3839.359183
-48.856511,1,3839.40958
191.285961,400,3844.049335
464.181588,400,3848.738182
289.478543,400,3853.394279
190.864405,210,3855.735344
214.299859,400,3860.805823
-8.072327,400,3865.564878
307.261352,400,3870.433599
193.969245,400,3875.068744
101.17959,1,3875.114164
0.712793,213,3877.556417
147.995049,260,3880.492821
-16.063559,29,3880.841996
109.941879,143,3882.554679
163.24822,400,3887.330021
-28.290777,18,3887.561587
101.196095,1,3887.607102
100.049592,1,3887.660108
109.941888,143,3889.327713
49.913969,400,3893.879384
205.637555,223,3896.438916
109.941895,143,3898.072338
183.375997,206,3900.483465
226.230169,400,3905.001277
109.941895,143,3906.660628
238.32021,400,3911.163584
109.941869,143,3912.879629
219.077022,235,3915.742587
114.874162,139,3917.365117
-3.744462,118,3918.733761
-24.650583,21,3919.005936
4.600042,208,3921.365734
152.416343,400,3926.339314
109.941726,143,3928.075232
-21.213104,114,3929.365855
101.201052,1,3929.416989
101.201052,1,3929.461201
-6.100079,133,3931.013912
3.907269,400,3935.714807
316.108087,400,3940.305047
117.922707,400,3945.190291
9.498432,132,3946.766423
222.163695,400,3951.313555
195.341139,218,3953.804035
-6.100079,133,3955.378365
-4.677549,400,3959.982752
-50.069155,18,3960.219936
175.784607,400,3964.873291
-50.206144,13,3965.093868
-49.986035,15,3965.294494
67.150883,400,3970.008791
-22.238178,24,3970.317085
229.402814,400,3975.043214
-6.099984,133,3976.576582
10.28691,132,3978.121015
196.47611,219,3980.681274
-37.749082,149,3982.382511
-20.946894,43,3982.885916
261.588213,400,3987.486266
-34.308917,13,3987.665848
-4.561518,38,3988.12353
-6.100667,133,3989.68381
260.365653,400,3994.242925
231.340196,400,3998.859889
459.727539,400,4003.39215
-48.608688,11,4003.549696
-48.674237,42,4004.121897
167.777169,193,4006.620547
-9.156208,400,4011.447379
-48.936134,44,4012.001436
185.226576,400,4016.577197
183.082851,400,4021.203782
8.661829,144,4022.94042
99.787357,1,4022.989259
159.655674,400,4027.552295
99.822383,1,4027.598011
222.728455,238,4030.554811
100.11723,1,4030.603728
-26.688355,20,4030.86028
-6.099761,133,4032.352889
458.868195,400,4036.934841
195.066076,245,4039.799627
-48.799745,1,4039.845614
185.772936,400,4044.487378
157.619132,176,4046.587242
458.63608,400,4051.353658
36.687392,131,4052.89246
-20.625937,25,4053.220521
462.671145,400,4057.839746
-6.100079,133,4059.471662
-0.315543,119,4060.975514
388.975027,372,4065.570654
120.161434,145,4067.259862
328.730692,400,4071.947458
179.535259,400,4076.566916
11.88891,133,4078.047816
99.854115,1,4078.097309
11.89081,133,4079.619006
320.575974,400,4084.15779
315.944492,400,4088.713405
70.743222,400,4093.299273
320.475048,400,4098.067311
-6.100081,133,4099.686369
266.528466,272,4102.991993
460.848238,400,4107.673344
-12.403775,32,4108.066517
-48.856176,1,4108.111257
294.352922,400,4112.719861
187.410106,209,4115.150156
217.621041,400,4119.767405
325.679186,400,4124.283277
11.881748,133,4125.90008
245.218833,400,4130.517669
285.804579,400,4135.09471
225.436936,400,4139.607609
99.846016,1,4139.657433
99.82857,1,4139.701352
462.538314,400,4144.306168
109.941879,143,4146.082536
99.818072,1,4146.12713
99.857056,1,4146.175908
456.428651,400,4150.870276
291.550361,400,4155.649758
99.782271,1,4155.695391
-28.297863,18,4155.974926
101.178621,1,4156.023617
311.028856,308,4159.484328
11.88076,133,4161.004159
155.782989,400,4165.594587
-30.691003,16,4165.804978
235.945422,400,4170.360404
109.941879,143,4172.189206
461.13666,400,4176.937279
-26.882421,20,4177.192881
11.883527,133,4178.771245
282.07236,400,4183.310946
138.210414,334,4187.068988
11.886881,133,4188.595963
39.174184,201,4190.890618
109.941888,143,4192.519217
225.677994,400,4197.262749
101.172659,1,4197.306986
22.47613,60,4198.027186
287.110186,400,4202.727358
204.576995,400,4207.360539
248.487326,400,4211.999382
99.798688,1,4212.049644
136.645916,400,4216.57583
-50.035907,5,4216.664869
189.004468,400,4221.239346
182.729367,206,4223.754666
178.476322,204,4226.097554
-12.595947,31,4226.515061
188.813068,263,4229.599441
-50.01851,2,4229.658597
220.836541,400,4234.180991
475.560117,400,4238.872967
-43.119652,6,4238.976594
11.883527,133,4240.564791
168.398226,400,4245.142648
344.556397,333,4249.280301
223.947678,400,4253.974258
464.794985,400,4258.569881
11.883527,133,4260.128576
263.56301,400,4264.785027
264.603839,400,4269.291156
199.886274,272,4272.597417
265.704592,400,4277.353674
109.941879,143,4279.058981
200.646709,221,4281.564743
-5.374206,400,4286.337915
11.829148,133,4287.891721
177.592023,400,4292.482058
99.89542,1,4292.531142
11.783705,133,4294.03047
99.792286,1,4294.079688
474.244954,400,4298.730489
173.202023,196,4301.004601
-37.931738,10,4301.193183
276.320417,400,4305.779378
11.844024,133,4307.402919
299.026211,400,4311.971711
99.817656,1,4312.021278
185.149066,400,4316.597014
183.848452,400,4321.223748
11.820567,133,4322.776314
209.801097,400,4327.323779
-6.310475,400,4331.997508
474.994126,400,4336.596566
419.050488,400,4341.253672
245.831774,400,4345.843895
-50.007899,25,4346.158921
101.175955,1,4346.203143
11.829485,133,4347.757151
194.221436,400,4352.310338
223.558845,400,4357.063359
263.20894,400,4361.805402
460.663605,400,4366.303869
11.815166,133,4367.842037
-48.830215,1,4367.891347
312.993172,400,4372.471611
328.222911,400,4377.042346
204.986021,229,4379.691758
249.179132,400,4384.22559
240.097208,400,4389.071612
310.476069,400,4393.709069
-50.033549,10,4393.8558
248.907812,400,4398.542114
183.944984,234,4401.334204
393.431495,373,4405.540199
100.003251,1,4405.585435
474.379352,400,4410.369598
347.089248,400,4415.043694
-38.501882,10,4415.189147
248.140823,400,4419.81061
-49.988309,19,4420.061195
-48.792785,1,4420.106176
-19.018544,27,4420.438423
150.153226,306,4423.910314
100.113756,1,4423.955326
-25.948321,20,4424.209116
252.070637,400,4428.851421
-6.102314,133,4430.489149
100.079617,1,4430.5334
132.698351,278,4433.85902
10.606209,134,4435.510731
259.041313,400,4440.246642
154.905427,173,4442.194759
11.88076,133,4443.827764
187.800582,400,4448.425882
272.456561,400,4453.140541
251.122456,400,4457.996572
397.17766,377,4462.365771
109.941895,143,4464.014662
192.271895,227,4466.653912
100.118028,1,4466.701917
-23.375246,23,4466.993981
-50.486154,24,4467.289692
238.068306,400,4471.92117
304.57152,301,4475.423499
105.040909,400,4480.061657
247.396928,400,4484.632762
228.617978,310,4488.196544
317.499216,400,4492.752409
284.556658,370,4497.429306
99.958639,1,4497.478269
202.035307,359,4501.678803
99.965547,1,4501.727269
320.579899,400,4506.347556
195.572057,216,4509.000578
1.60638,400,4513.511306
143.380103,400,4518.161416
-47.573523,3,4518.228263
101.207781,1,4518.277101
133.267817,154,4520.095159
-22.244786,23,4520.386481
19.385931,400,4524.976104
288.815881,400,4529.68131
213.468543,291,4533.320139
-50.010081,1,4533.365846
460.88329,400,4538.263266
101.207964,1,4538.312382
-1.519315,400,4542.941472
192.511796,214,4545.496083
-44.131459,165,4547.352619
324.631982,400,4551.993421
191.989549,400,4556.694502
11.932788,382,4561.124301
20.38501,400,4565.766433
446.508023,353,4569.834158
101.208481,1,4569.879214
-48.793319,1,4569.92714
157.908475,295,4573.304233
101.208229,1,4573.354583
211.843978,227,4576.019574
465.534581,400,4580.599304
101.205544,1,4580.648962
312.975404,309,4584.377397
299.239997,400,4588.940468
101.20795,1,4588.992369
169.248747,195,4591.2438
-48.795596,1,4591.291765
-49.907466,1,4591.335022
207.869634,400,4595.959012
101.206315,1,4596.010844
-41.429965,8,4596.13429
99.937046,1,4596.177715
137.949068,158,4598.097723
242.592576,400,4602.900343
180.53862,201,4605.305615
473.983707,400,4609.877083
80.748027,196,4612.244192
-39.464261,275,4615.395637
455.615856,400,4620.040198
-40.318512,36,4620.476754
39.249782,400,4625.267346
10.768474,133,4626.931262
101.208258,1,4626.976023
23.821088,142,4628.587878
261.083669,400,4633.328788
-19.864687,25,4633.657912
-48.148909,135,4635.27714
101.207568,1,4635.327026
224.994188,400,4640.025218
343.102344,400,4644.707769
-21.101309,150,4646.723304
101.208522,1,4646.767565
1.82585,45,4647.303504
183.930582,212,4649.943113
-31.513561,162,4652.034585
51.957026,146,4653.7161
-10.631547,34,4654.128989
5.110071,400,4658.822467
263.847202,400,4663.527059
212.870167,229,4666.321813
-49.950861,1,4666.371453
-10.867626,400,4670.971791
-49.877849,1,4671.016627
11.890123,133,4672.559872
101.20852,1,4672.605385
101.20852,1,4672.65335
246.54173,400,4677.258764
-45.422026,4,4677.34112
319.053195,400,4681.877346
-48.94025,50,4682.46265
330.491242,400,4687.022054
107.643497,141,4688.719099
307.133595,400,4693.563729
239.763601,400,4698.283347
-17.407605,27,4698.621618
106.213695,131,4700.078278
481.609473,400,4704.828283
357.854477,344,4708.740032
86.626553,114,4710.257595
113.279675,137,4711.919386
248.067137,400,4716.79012
-48.873624,10,4716.938528
101.206554,1,4716.983449
140.637865,377,4721.319806
325.348132,317,4724.960849
150.105468,400,4729.527452
99.772362,1,4729.576105
11.83913,133,4731.230538
423.713195,400,4735.984629
-14.629194,400,4740.631163
51.755733,400,4745.32729
218.135951,400,4749.868813
1.43905,61,4750.610463
-49.614637,27,4751.062651
206.841745,228,4753.73589
81.559869,400,4758.340356
-45.419488,4,4758.421744
294.796858,400,4763.073174
-45.18168,4,4763.153441
42.505201,87,4764.19613
465.454017,400,4768.751409
95.411559,400,4773.342523
224.319534,238,4776.065078
99.775833,1,4776.111555
448.451007,357,4780.290462
147.53109,223,4782.897219
-44.268323,5,4782.992235
-6.50131,400,4787.609239
113.678772,400,4792.315198
-9.486159,400,4797.124804
-18.706468,400,4801.701879
100.025322,1,4801.746958
-51.163611,36,4802.175182
450.491433,352,4806.165068
196.604772,217,4808.741997
108.808478,142,4810.374959
289.238713,400,4815.022202
101.208521,1,4815.067432
-12.823088,400,4819.720497
-28.240723,19,4819.966581
-13.946207,400,4824.651222
-39.661211,9,4824.783685
0.809454,400,4829.480079
338.541092,330,4833.3367
101.208509,1,4833.385735
106.505606,140,4835.166715
212.650736,232,4837.863261
449.641143,352,4841.894362
169.254762,400,4846.496602
457.374816,357,4850.600917
259.966636,400,4855.371532
-17.464916,27,4855.727871
202.653603,400,4860.582562
156.840212,400,4865.162751
454.647718,347,4869.130221
213.747953,400,4873.707584
-13.132983,400,4878.296696
374.704915,400,4882.939581
218.651522,400,4887.957366
187.714174,212,4890.459617
209.52362,231,4893.236846
101.208522,1,4893.283718
-22.204242,24,4893.594823
203.942205,400,4898.14991
178.689829,202,4900.435538
-64.678111,140,4902.06539
99.951313,1,4902.1143
254.258182,263,4905.071852
-12.956048,400,4909.78053
244.690415,400,4914.374233
346.076481,400,4919.05063
202.372291,400,4923.791365
-50.610336,23,4924.085014
173.000853,400,4928.650967
101.208522,1,4928.700366
48.02771,166,4930.603604
-26.076789,20,4930.905859
170.676955,400,4935.588636
293.000001,290,4939.068047
291.977639,295,4942.517968
-12.921475,400,4947.047152
164.24906,400,4951.74287
-54.285707,37,4952.19521
101.196859,1,4952.243946
101.19823,1,4952.287937
181.033756,400,4956.839243
207.875701,400,4961.502047
120.072396,373,4965.925335
183.292265,400,4970.454006
451.981402,347,4974.443758
-48.856536,1,4974.492283
189.326657,400,4979.009008
101.208522,1,4979.053598
193.355903,214,4981.557574
459.656596,342,4985.481995
99.965665,1,4985.531787
-12.646961,400,4990.140893
187.27945,400,4994.809019
95.765435,122,4996.269056
101.208522,1,4996.314544
396.704832,376,5000.56579
305.584578,400,5005.378683
101.208522,1,5005.42851
155.222542,181,5007.559411
10.564495,133,5009.123475
471.064302,400,5013.802058
316.031819,400,5018.40806
332.575546,400,5023.01295
101.208522,1,5023.057469
198.400241,400,5027.647887
210.897832,230,5030.361436
208.654089,228,5032.942688
275.790399,400,5037.565759
-8.474334,400,5042.232187
-15.286558,30,5042.605456
207.237017,400,5047.227316
99.993705,1,5047.276148
-53.061175,43,5047.811369
218.940462,400,5052.44944
480.965621,373,5056.723042
466.253218,400,5061.471746
368.094296,400,5066.205874
178.44532,202,5068.54715
158.103807,176,5070.59927
146.042533,167,5072.490317
-5.354613,37,5073.017346
172.981926,198,5075.435327
221.564034,400,5080.265613
170.667434,400,5085.012784
210.771276,231,5087.736362
194.286346,400,5092.53772
193.943287,400,5097.157992
179.621683,200,5099.598184
109.968759,143,5101.366816
301.206045,303,5104.856845
99.967199,1,5104.906109
178.870757,400,5109.536007
442.066781,387,5114.012919
205.540815,226,5116.669873
180.130204,400,5121.434126
-51.263835,27,5121.776466
-16.451311,400,5126.413216
158.868685,400,5131.079219
200.377566,400,5135.710382
274.67533,313,5139.288076
198.123874,222,5141.934678
176.86655,200,5144.254452
463.245169,400,5148.973465
-26.933763,20,5149.277455
-46.567247,3,5149.350008
199.143194,400,5154.254112
100.067032,1,5154.298255
106.402876,139,5155.881235
399.239324,393,5160.397133
157.979885,400,5165.105336
101.208522,1,5165.155111
464.093704,400,5169.822965
-50.983872,54,5170.488807
278.949559,278,5173.781031
468.988742,400,5178.423504
9.044859,49,5179.025919
-38.709137,143,5180.702966
179.172428,400,5185.285491
-39.580123,162,5187.221829
169.423824,193,5189.554911
157.714782,185,5191.734566
367.822682,400,5196.305282
-5.673556,400,5201.132042
174.159077,242,5203.973361
345.30766,400,5208.938358
-9.680264,140,5210.530649
204.542578,400,5215.424765
155.441108,182,5217.642756
218.701219,259,5220.641566
344.100379,400,5225.363396
351.066785,400,5229.920074
166.268106,400,5234.461616
0.316567,400,5239.322144
215.540681,400,5243.981818
101.206612,1,5244.031561
109.941936,143,5245.911428
481.335497,400,5250.638315
198.458891,400,5255.229285
114.567722,138,5256.868445
80.957596,400,5261.518003
53.682565,400,5266.24923
305.110485,400,5270.905567
-10.849678,400,5275.56145
308.67648,311,5279.18692
371.407002,357,5283.498278
109.942048,143,5285.184266
71.407163,159,5287.235635
109.941884,143,5288.909414
475.252105,379,5293.291913
-5.198558,400,5297.87916
461.709344,400,5302.743902
-12.010427,145,5304.402938
326.03834,400,5309.098121
469.205617,400,5313.817954
180.263356,400,5318.380807
183.035207,400,5323.116358
101.205839,1,5323.162138
101.208317,1,5323.211603
149.611221,178,5325.318194
200.645196,400,5330.078393
303.938843,400,5334.969177
101.208516,1,5335.014084
2.5533,400,5339.689588
101.208428,1,5339.739584
304.017218,400,5344.632276
-6.961444,37,5345.074709
156.203633,400,5349.649887
157.880755,400,5354.278923
197.986238,400,5358.954988
209.207435,400,5363.519192
99.793078,1,5363.622759
-36.117458,13,5363.802455
125.598503,217,5366.372908
329.859353,325,5370.101871
-50.147315,20,5370.396601
-19.860613,26,5370.720287
216.356388,400,5375.317077
193.4346,400,5379.855762
109.941895,143,5381.599351
-12.115048,400,5386.168596
190.053002,400,5390.791873
60.187169,263,5393.94187
431.062704,381,5398.392463
-47.712582,2,5398.453008
-41.972085,7,5398.564894
6.274556,400,5403.176221
101.208515,1,5403.22575
174.011629,197,5405.571366
7.332119,139,5407.135671
173.26199,197,5409.498643
169.902304,194,5411.662853
10.792508,133,5413.28258
101.208504,1,5413.328362
139.809929,280,5416.464995
101.193586,1,5416.514158
-4.118454,400,5421.139851
10.721552,134,5422.76433
192.835303,400,5427.572047
162.614895,400,5432.267657
-15.834476,400,5436.931782
-53.156025,46,5437.551122
216.667967,232,5440.285417
109.941896,143,5441.995321
226.588567,241,5444.737398
18.704182,400,5449.488989
207.266299,400,5454.111924
-0.959898,42,5454.608774
193.122199,400,5459.175547
-50.550491,23,5459.46109
-46.566144,3,5459.531844
13.795821,54,5460.174445
87.291886,151,5461.946843
-50.237667,14,5462.214589
-48.856563,1,5462.264116
159.562827,400,5466.861623
-48.123522,23,5467.15031
-45.421255,4,5467.232265
176.132545,263,5470.166105
198.60151,400,5474.759701
-50.773075,12,5474.933664
-29.225533,18,5475.16821
218.169859,400,5479.951985
-43.13338,6,5480.057184
345.264947,400,5484.64146
183.131208,400,5489.246004
-49.792416,32,5489.633463
100.044091,1,5489.678478
-16.890687,400,5494.629717
-49.863648,1,5494.682174
211.121783,400,5499.698284
109.950677,143,5501.394905
-19.816011,25,5501.712616
99.99286,1,5501.757432
201.956322,400,5506.370776
109.954667,143,5507.967411
459.505594,400,5512.64272
-19.817379,400,5517.226558
-52.127156,36,5517.663245
101.147185,1,5517.707268
-48.793298,1,5517.757011
101.208516,1,5517.801362
361.136104,400,5522.462828
101.208514,1,5522.514602
208.978901,400,5527.073138
26.554942,400,5531.861999
395.613547,400,5536.507415
202.238633,400,5541.078319
38.791242,400,5545.688378
-43.117971,6,5545.795575
101.208515,1,5545.840631
101.208516,1,5545.890004
336.809225,400,5550.786416
-50.735313,30,5551.152949
124.139146,160,5553.035308
183.586627,400,5557.635185
-6.325826,140,5559.220124
10.682071,103,5560.430135
363.140948,400,5564.993305
84.678236,153,5566.843882
203.240897,221,5569.405246
-9.130318,400,5574.042566
444.83606,400,5578.757579
109.941987,143,5580.404403
108.652412,140,5582.045351
-48.792553,1,5582.093425
-43.964872,5,5582.186151
212.640769,400,5586.750064
-42.424228,78,5587.688102
226.428189,400,5592.35444
-10.437145,34,5592.764884
220.179289,400,5597.463766
220.022567,400,5602.00216
468.938175,400,5606.708488
217.372429,400,5611.310215
383.43428,400,5615.977369
-10.828307,400,5620.690359
42.907216,137,5622.272113
-49.874331,1,5622.32467
-25.718779,21,5622.642268
109.94189,143,5624.32034
-8.630619,400,5628.987583
-47.58575,2,5629.045233
178.112027,203,5631.331176
101.208522,1,5631.379365
378.390131,400,5636.112668
178.956201,400,5640.940778
48.840489,272,5644.189661
132.294349,400,5648.769875
251.035686,400,5653.371791
69.267994,155,5655.215194
186.028754,235,5657.98269
207.053457,400,5662.588821
208.049695,362,5666.689477
232.354386,400,5671.308788
100.028297,1,5671.353891
-49.872782,14,5671.545631
201.155283,222,5674.128176
204.795281,234,5676.909107
212.518231,400,5681.579829
295.016648,400,5686.353763
-50.010283,1,5686.403242
204.478843,225,5689.083231
284.142964,400,5693.92737
155.500165,326,5697.940691
-8.810585,400,5702.648755
161.785454,214,5705.104512
-25.88122,20,5705.368166
66.013532,138,5707.072533
-29.214351,18,5707.308669
274.041266,400,5711.946942
109.942026,143,5713.626635
-48.856545,1,5713.671774
-6.231857,400,5718.426816
341.859304,400,5722.986881
205.4656,400,5727.619494
187.278944,274,5730.775764
246.883423,400,5735.476143
-33.152524,14,5735.672162
-26.840811,20,5735.966893
100.017034,1,5736.01546
-31.898199,15,5736.216572
233.249538,400,5740.752588
210.111359,400,5745.423575
331.34353,399,5750.110438
101.208522,1,5750.156244
101.208522,1,5750.204756
-27.840691,144,5751.925507
164.989201,214,5754.35795
222.603247,400,5759.064409
171.41981,400,5763.646602
205.919796,400,5768.278693
111.383018,177,5770.573499
222.043215,400,5775.270593
101.208522,1,5775.319924
101.208522,1,5775.364815
