#{"t_start": 1765741120.7409127, "env_id": "None"}
r,l,t
-4.022445,400,4.312639
6.825547,400,9.970132
-52.813389,262,13.847929
101.184428,1,13.90289
8.002506,400,19.915996
3.441045,400,26.132537
-1.354226,129,28.18317
141.570372,400,34.76718
177.393141,400,41.016399
179.236663,400,47.349345
-50.042442,4,47.455487
-25.885504,53,48.375217
3.750319,400,55.08329
4.413399,400,61.517493
271.68145,400,67.844964
4.491864,400,74.247382
331.103363,400,80.665949
-4.184933,400,86.803678
-49.868373,1,86.858942
320.646218,400,93.240139
43.848671,400,99.555459
10.984909,400,105.973553
4.057501,400,112.213408
83.70413,400,118.077832
89.541311,400,123.951375
114.883429,159,126.379601
105.705752,400,132.304299
-1.241743,400,138.227174
-3.984374,400,144.369668
118.435811,332,149.366556
101.162036,1,149.421345
-51.26377,184,152.101369
323.440755,400,158.003491
-45.602413,29,158.495205
100.105327,1,158.549159
9.494162,400,164.396902
3.794756,49,165.153385
123.792142,201,168.248143
-40.571179,163,170.752332
126.660882,159,173.237792
455.405257,365,178.675081
214.795116,400,184.841933
-6.476588,400,190.86349
-2.734556,48,191.662743
-0.68998,400,197.571261
172.838846,244,201.243208
201.223476,400,207.321867
89.259658,400,213.33815
139.847686,400,219.440905
99.86951,400,225.506866
-48.581616,3,225.594468
101.198103,1,225.650631
108.22931,209,228.815713
-28.37346,18,229.110749
131.310398,157,231.647363
-18.756625,27,232.069241
148.888219,193,235.022738
303.494815,375,240.752818
54.627104,400,247.183995
291.368619,302,252.020339
111.962335,147,254.421059
99.999122,1,254.47636
160.045229,198,257.672726
4.374309,400,264.013296
112.45206,150,266.349273
-1.704197,400,272.745886
329.733991,335,278.320514
241.790216,253,282.148374
106.238278,141,284.177333
477.418389,374,290.130652
109.661607,198,293.337589
336.652583,400,299.978185
4.638443,400,306.408714
483.168354,369,312.377343
65.558537,400,318.871426
5.088211,400,325.421331
-41.067384,163,328.028226
451.844943,400,334.380689
126.787935,176,337.494328
129.588099,189,340.508948
108.328524,141,342.867691
460.324871,400,349.252449
122.338441,148,351.560123
-45.11954,109,353.290177
114.46298,157,355.641302
-38.767831,177,358.378296
-49.9039,19,358.688259
-0.482209,400,364.996463
112.578578,139,367.180538
101.202616,1,367.237096
121.163783,154,369.638099
109.647956,139,371.676902
330.722785,400,377.841659
113.050084,140,380.106689
-1.200845,400,386.195582
369.88889,359,391.606015
113.944518,147,393.795587
-49.442105,52,394.580903
1.73491,400,400.610135
-50.00766,1,400.667188
116.862581,151,403.017487
403.376388,395,408.896199
100.035994,1,408.950111
114.875537,139,411.139603
101.194775,1,411.194026
458.701062,348,416.328701
465.117569,400,422.326629
102.838387,161,424.728749
340.23923,400,430.840111
-49.551564,13,431.076187
108.927332,152,433.352181
456.584055,357,438.778226
101.161032,1,438.832295
-47.778985,9,439.002102
100.047255,1,439.057263
-38.410632,11,439.252231
-23.360838,24,439.665332
113.091484,145,441.875548
-37.009565,316,446.812201
237.568414,400,452.841655
156.904537,201,456.140168
142.636336,198,459.053215
278.201417,287,463.489513
100.031231,1,463.54517
152.295411,400,469.638347
128.99865,177,472.363102
118.480616,156,474.710402
433.149526,400,480.748499
108.771621,139,482.966119
111.997969,146,485.092673
106.139371,139,487.15046
-49.861935,1,487.20481
16.017156,400,493.380154
427.18713,400,499.865829
10.272702,179,502.686682
114.869467,145,504.957577
460.446951,361,510.723444
109.6536,138,513.088333
132.368507,175,515.947448
-23.029317,27,516.375192
-41.28828,236,520.167054
-37.72898,16,520.448199
107.938618,147,522.815774
-44.840952,319,528.234966
106.889891,147,530.544136
-3.281831,400,537.305879
101.183387,1,537.362643
114.717388,154,539.856287
-46.496043,272,544.47454
-27.587383,23,544.895743
4.630087,400,551.693114
1.974104,400,558.187297
99.537341,152,560.819123
457.732297,340,566.013606
-4.64979,400,572.467665
103.434168,153,575.107782
112.082509,147,577.739277
0.56443,400,584.457766
292.226549,300,589.493154
-48.900805,137,591.771999
268.089245,277,595.998005
-49.881668,23,596.41171
430.484887,400,602.997352
455.607528,342,608.534859
127.801654,164,611.272387
54.833905,364,617.371922
336.175439,400,623.766112
378.341195,400,630.417424
257.784496,267,634.720123
149.190705,400,641.223124
289.211608,328,646.707904
40.401769,354,652.659462
101.237691,140,655.060273
320.516446,324,660.419992
100.119839,1,660.473773
109.349946,139,662.629762
455.711387,348,667.812358
-0.402999,47,668.574456
456.218592,348,674.031015
111.315329,141,676.406253
99.204189,141,678.606297
-49.676919,16,678.873895
105.157192,154,681.30006
457.600746,346,686.519075
456.442855,365,692.047659
146.590201,400,697.796574
110.767011,148,700.021319
133.441161,400,705.971695
-8.053276,47,706.783357
315.510641,400,712.987667
113.955031,147,715.407951
100.038751,1,715.462199
113.612405,400,721.429379
107.500454,138,723.523986
-48.92736,33,724.107668
6.430342,400,730.116647
101.14423,1,730.170812
174.541664,400,736.177217
110.349347,138,738.416641
-4.063783,400,744.55533
108.335328,136,746.655244
-39.221472,9,746.829911
81.380805,218,750.126773
114.931649,167,752.961525
-49.89693,1,753.02229
-0.248309,400,759.542774
198.755673,268,763.817947
111.806265,149,766.152359
-48.808751,1,766.209969
381.287347,400,772.332392
-35.213958,369,777.898505
119.762667,221,781.319842
101.16487,1,781.375435
-51.679966,129,783.448361
-0.803904,400,789.444918
-2.711367,400,795.842391
188.703059,217,799.373985
-50.111196,8,799.528092
101.15159,1,799.582247
-1.990248,400,805.85112
106.389667,138,807.903179
111.40215,400,814.272822
101.171011,1,814.328893
157.386368,190,817.411371
99.886055,164,819.940131
101.193559,1,819.993909
101.161669,1,820.047091
456.623697,347,825.699378
110.365625,136,827.890204
112.601099,142,830.001428
-49.778471,77,831.174713
101.161872,1,831.228982
-35.684284,357,836.684923
113.010291,148,839.101951
-49.938425,1,839.165257
107.426235,138,841.483237
109.394063,138,843.692265
-48.793951,1,843.748479
-48.796871,1,843.803426
436.562498,328,848.904172
101.174454,1,848.958592
100.039241,1,849.012561
-47.591675,2,849.083036
-26.935358,20,849.454642
101.195142,1,849.509287
218.891169,244,853.535601
100.137606,1,853.59076
75.148439,163,856.16422
99.806622,1,856.230617
109.194001,194,859.27573
126.680883,191,862.292453
-24.822276,29,862.817207
-40.521131,167,865.269539
-30.739769,22,865.654457
-50.245522,16,865.944331
-50.883687,84,867.269167
315.251525,400,873.433353
81.487408,172,876.29393
-34.398227,18,876.619092
160.650541,190,879.652371
110.479368,136,882.118114
95.62495,188,885.131858
288.211284,400,891.699666
80.413027,261,895.966634
101.04173,232,899.746607
287.359951,400,906.520975
108.695891,151,909.003655
-49.739228,2,909.074802
108.816081,142,911.345743
120.513993,209,914.728401
-25.417338,24,915.15411
62.929532,160,917.782826
-1.854448,400,924.370483
69.742408,158,926.906772
110.534694,139,929.208872
116.439828,150,931.653152
12.988666,182,934.582672
114.346038,338,940.237161
151.563013,184,943.374763
116.651577,400,949.853626
324.811272,327,955.168074
465.313972,369,961.123584
9.191728,166,963.93003
-49.186531,6,964.064866
101.201927,1,964.11978
14.275205,180,967.141456
99.977183,1,967.197186
-21.683994,29,967.711509
96.063051,167,970.472883
10.522834,400,977.103435
-4.12769,400,983.3436
6.713664,168,985.931077
114.617251,152,988.466596
103.092082,189,991.554789
163.767037,191,994.66378
-26.366691,24,995.091778
184.988523,217,998.673079
7.130848,354,1004.425254
-27.764669,22,1004.861567
456.580814,342,1010.292882
12.439889,400,1016.821056
-49.433391,85,1018.260322
111.410182,138,1020.34646
7.174373,400,1026.919565
-3.963156,50,1027.678807
143.311427,400,1034.039392
10.522904,173,1036.891839
-50.0211,1,1036.948356
195.231647,215,1040.306158
286.066063,400,1046.432014
201.576444,220,1049.986281
125.998335,400,1056.428822
145.80274,400,1062.831043
107.28104,137,1065.048977
0.523709,400,1071.36467
109.525799,139,1073.519768
110.497558,138,1075.635745
104.377129,400,1081.858195
-10.135315,275,1086.219401
101.206775,1,1086.274689
-10.831912,191,1089.330429
133.079305,400,1095.49123
100.076293,1,1095.547763
112.437243,139,1097.93414
-8.001568,400,1104.041046
-9.639284,162,1106.508539
182.783103,400,1113.190799
-23.096501,26,1113.644398
12.655254,400,1119.98768
144.437696,400,1126.467746
101.202877,1,1126.522032
-33.755093,248,1130.31235
-3.779942,400,1137.044221
126.009073,400,1143.416479
112.985301,145,1145.793205
-2.921105,400,1152.042912
-2.771541,400,1158.260575
113.846555,140,1160.340823
-44.005998,5,1160.453622
322.492031,342,1165.757762
200.083968,217,1169.174572
116.14733,148,1171.659149
145.482675,174,1174.488525
107.410625,176,1177.217349
101.199662,1,1177.273494
-44.053591,5,1177.394477
79.054309,363,1183.287433
119.013197,162,1186.025185
457.594044,348,1191.687203
3.966247,45,1192.445176
456.588357,357,1198.49539
455.525742,354,1204.422942
106.062779,390,1210.777571
105.640494,229,1214.635274
-48.842783,1,1214.691448
437.075657,400,1221.024329
-3.011783,400,1227.311041
98.447429,127,1229.301723
163.990013,400,1235.517427
101.18917,1,1235.572089
469.99358,400,1241.833591
302.151065,400,1248.046878
116.625197,156,1250.519844
21.055267,400,1256.97762
50.514555,400,1263.175509
178.953064,400,1269.499161
129.43824,158,1272.000978
103.91911,148,1274.277301
1.91307,44,1274.99689
108.882022,165,1277.656152
135.883313,400,1283.872131
-49.224257,24,1284.26863
111.041249,368,1290.235819
101.20479,1,1290.292453
460.407859,400,1297.090759
27.82783,400,1303.832217
101.187412,1,1303.888657
170.952595,400,1310.809349
101.205496,1,1310.866067
100.03282,1,1310.921696
104.653402,198,1314.11455
102.339708,236,1317.942216
-47.207389,376,1324.337365
133.066272,326,1329.761768
128.553028,164,1332.359974
47.877633,400,1339.040565
461.345792,400,1345.572636
37.187617,400,1352.268029
462.204289,400,1358.873485
-3.356825,400,1365.371337
467.500747,400,1372.040391
-3.383189,400,1378.700475
134.708519,339,1384.500159
102.020508,163,1387.28279
137.727951,400,1393.910625
136.132711,167,1396.67864
-48.828792,1,1396.735286
458.542474,356,1402.532513
457.609746,357,1408.613532
101.173646,1,1408.669942
94.368467,165,1411.357608
1.995979,400,1418.136306
95.13966,400,1424.775508
104.181914,147,1427.121185
-3.247162,400,1433.475798
99.83805,1,1433.532049
-50.038765,14,1433.800881
99.991143,1,1433.85678
-50.031828,3,1433.945682
101.187742,1,1434.002218
146.974828,268,1438.608154
-48.858273,1,1438.664455
311.75764,400,1445.357011
101.171075,1,1445.413474
185.198578,232,1449.201046
-2.337179,400,1455.906541
128.412035,159,1458.610821
127.186448,155,1461.270956
370.941946,400,1468.038086
101.172685,1,1468.094023
-16.454844,28,1468.630007
101.17897,1,1468.686358
363.659619,400,1475.525252
1.224387,400,1482.364718
360.869665,400,1488.996589
-32.456132,17,1489.312349
117.562202,143,1491.744902
0.633087,400,1498.459976
-43.98507,5,1498.580475
-30.76569,16,1498.880871
134.248431,165,1501.731461
24.162717,295,1506.7009
166.486281,198,1510.129268
460.084479,400,1516.95993
113.653343,139,1519.494285
146.30511,199,1522.784555
-48.858731,1,1522.840268
152.637942,199,1526.141218
101.178546,1,1526.198024
118.219952,290,1531.179268
128.692728,205,1534.613457
114.005399,146,1537.057315
58.53946,400,1543.782472
-48.805198,1,1543.840016
55.655806,156,1546.648647
-45.525627,250,1550.971052
101.176032,1,1551.027492
101.187715,1,1551.084279
-0.188366,400,1557.855551
458.900369,400,1564.448434
161.406966,400,1571.136672
101.150006,1,1571.193765
135.71143,400,1578.185295
-16.348382,28,1578.72529
-4.89608,400,1585.294201
108.437913,138,1587.611655
128.844725,380,1594.028734
328.339768,400,1600.715169
161.417807,400,1607.461646
349.170296,336,1613.21812
9.468994,400,1619.849991
18.535702,400,1626.555292
-50.02896,3,1626.64544
426.341186,389,1633.092522
344.125072,400,1639.813616
114.386883,156,1642.419773
-5.483274,400,1649.039975
-1.953472,41,1649.746459
131.614823,160,1652.505426
100.132295,1,1652.561027
34.646619,383,1658.94933
100.129203,1,1659.005978
212.440322,400,1665.633335
-4.979241,400,1672.165912
457.993298,400,1678.904688
-5.788791,400,1685.563589
-4.212098,400,1692.253454
-48.796942,1,1692.31115
145.916174,400,1699.060208
141.797239,179,1702.011873
138.534364,400,1708.617947
6.980766,400,1715.377132
468.408895,400,1722.052824
-39.244962,12,1722.287147
128.188832,159,1724.965246
454.6793,400,1731.671762
158.086667,188,1735.013577
142.174611,400,1741.853186
467.437231,400,1748.641541
158.265948,219,1752.321932
-0.980225,400,1759.112343
252.012667,400,1765.708404
97.571729,128,1768.025137
456.661369,350,1773.959112
95.188013,322,1779.519412
-35.662259,12,1779.793725
109.638533,140,1782.193671
-51.919972,72,1783.489993
458.643498,351,1789.352636
-7.612953,400,1796.406248
-4.761649,400,1803.290926
100.120549,1,1803.347368
145.788989,400,1810.233212
176.1774,400,1816.882238
136.330464,189,1820.029233
213.351318,400,1826.673968
-4.040208,400,1833.147972
102.163836,139,1835.348125
-48.858179,1,1835.402197
102.157421,140,1837.785964
457.746913,400,1844.570367
99.992192,1,1844.626926
136.747722,170,1847.464715
167.871811,193,1850.930682
-50.129926,14,1851.208465
164.545855,194,1854.462899
451.493306,400,1861.223645
109.333679,142,1863.612543
83.627234,400,1870.446506
103.974496,137,1872.79232
139.719073,400,1879.597677
69.680972,113,1881.433904
152.802416,263,1885.894195
257.754919,263,1890.368362
-3.672015,400,1896.966249
169.059286,194,1900.267383
100.131758,1,1900.323911
-0.415954,400,1907.162985
-49.866361,39,1907.837182
10.600895,112,1909.71896
-47.442448,4,1909.822048
127.079869,159,1912.429022
452.938011,400,1919.217167
358.301147,400,1926.004996
-3.223785,400,1932.666862
168.263863,194,1936.061217
101.149558,1,1936.11749
456.615061,344,1941.699898
-53.595575,179,1944.708251
307.364707,307,1949.95384
131.789229,162,1952.70926
135.196954,166,1955.493107
277.995952,288,1960.385304
-6.896813,400,1967.097503
-18.744662,35,1967.712248
194.46277,400,1974.466358
-49.97087,1,1974.522987
303.120981,400,1981.320112
-46.426148,4,1981.426165
-5.019515,400,1987.870723
107.158952,135,1990.106032
146.120382,187,1993.351104
156.568964,400,2000.145279
136.264962,207,2003.662998
108.312138,137,2006.069224
113.331883,154,2008.745659
164.983202,198,2012.151364
110.270026,136,2014.532929
140.136985,400,2021.456251
109.260462,137,2023.836892
92.477799,240,2027.963483
141.969119,178,2030.98269
454.568396,359,2037.050793
100.014956,1,2037.109154
260.850391,268,2041.637918
152.759804,400,2048.419236
100.086033,1,2048.476365
270.645391,279,2053.289789
345.952848,400,2060.012753
-47.598904,2,2060.083826
100.064384,1,2060.138223
-1.676927,400,2067.137398
103.097481,170,2070.200037
103.186602,137,2072.568182
105.338926,169,2075.440924
-48.850428,1,2075.498966
144.336695,179,2078.712926
-39.155538,13,2079.007456
454.775756,400,2085.782146
-50.110559,31,2086.301677
199.174348,400,2092.996735
457.766951,364,2098.948106
-2.221023,400,2105.619689
-2.039199,400,2112.384012
130.014026,303,2117.471258
133.855484,353,2123.638231
135.815401,311,2128.849567
-1.909003,50,2129.705819
-42.760103,6,2129.843782
-45.263097,4,2129.949962
137.420187,169,2132.829099
-9.681007,34,2133.422636
-5.288504,400,2139.864685
0.592722,400,2146.762158
178.518217,400,2153.339983
-3.82698,400,2160.088228
-4.529106,400,2166.840954
99.994428,1,2166.890712
109.870095,146,2169.468815
-43.503126,11,2169.68814
136.551673,400,2176.528842
103.504936,138,2178.853513
460.235051,400,2185.459932
-50.040812,4,2185.561624
104.54062,138,2187.928075
-3.409771,400,2194.689749
136.947806,400,2201.473035
135.92836,193,2204.865483
-50.01229,1,2204.916108
135.226616,169,2207.743396
99.904414,1,2207.79255
108.554407,138,2210.043208
110.766966,156,2212.679255
-2.860151,400,2219.539752
-53.119616,87,2220.98785
100.029433,1,2221.037702
-1.551237,400,2227.732922
-24.80002,21,2228.110996
-26.149202,20,2228.471498
355.678953,400,2235.39119
-50.096611,50,2236.237081
165.292194,400,2242.763646
-36.627045,12,2242.993356
132.331485,171,2245.849565
155.143321,400,2252.509081
394.310688,386,2259.147164
157.467845,400,2265.866922
-39.437968,11,2266.079699
455.312487,371,2272.352662
133.93118,165,2275.189152
178.688724,400,2281.910489
204.464138,400,2288.657827
-11.036308,38,2289.36643
466.242958,400,2296.21017
-29.867691,214,2299.830017
-48.582671,3,2299.907439
-37.015778,159,2302.469445
-1.006735,400,2309.34729
-50.770375,83,2310.778225
176.179932,400,2317.551609
99.852809,1,2317.600738
456.312836,372,2323.849864
-13.201019,173,2326.774665
-51.729583,148,2329.30201
-47.714219,2,2329.368549
338.687886,400,2336.174613
328.347027,400,2343.024792
145.695024,187,2346.259056
165.131535,400,2352.793074
290.692709,400,2359.112672
157.305365,192,2362.185997
103.101077,135,2364.317909
458.702851,345,2369.776192
450.560316,338,2375.263781
-5.570183,40,2375.894047
-50.109367,10,2376.073025
-50.009864,1,2376.120572
454.739142,338,2381.356981
121.553037,400,2387.706971
100.047179,1,2387.757254
164.482045,400,2394.102835
-50.121974,17,2394.389562
99.925329,1,2394.43823
-2.383946,400,2400.695128
111.732325,293,2405.253839
99.940632,1,2405.301885
178.014443,400,2411.569449
172.576792,400,2418.487819
17.493097,158,2421.065713
-49.713993,35,2421.636642
136.514164,400,2427.972069
452.760362,340,2433.4173
99.90899,1,2433.46532
-4.369461,400,2439.62514
-43.610567,317,2444.623531
-40.208228,115,2446.491861
9.455763,148,2449.078858
119.808102,222,2452.603568
109.76373,137,2454.695049
146.16388,400,2461.059083
156.806467,400,2467.26506
-10.915678,33,2467.875763
-46.699413,34,2468.499557
374.108526,362,2474.274485
99.917986,1,2474.32237
-0.688013,400,2480.647081
459.55834,353,2486.343699
449.587601,347,2491.757576
277.555332,400,2498.123253
100.0628,1,2498.172109
-49.876536,1,2498.218816
469.540984,400,2504.399143
455.582553,352,2510.248644
472.042636,400,2516.903661
99.851515,1,2516.954141
456.53754,360,2522.978761
-2.490411,400,2529.418686
-30.156296,19,2529.770818
321.619519,400,2535.961056
205.053417,400,2542.37206
460.294128,400,2548.714944
-38.465543,11,2548.916173
129.339957,200,2551.962311
4.021908,400,2558.490479
109.363282,143,2560.704168
15.280943,147,2563.011597
-21.079513,24,2563.450153
140.45556,352,2569.009233
134.082623,207,2572.40151
130.353751,206,2575.700246
-1.86195,400,2582.228602
352.488821,400,2588.791712
459.460729,400,2595.125199
6.148147,154,2597.546266
8.691724,153,2599.985775
-48.858812,1,2600.034723
159.329223,400,2606.370772
377.9675,364,2612.430554
147.701714,338,2617.959311
375.334048,362,2623.890348
169.435919,400,2630.670681
133.628496,164,2633.395587
-48.306822,5,2633.511033
5.431463,400,2640.550687
-2.440144,400,2647.265448
127.557451,163,2650.094548
119.982014,144,2652.34713
1.935106,400,2658.468962
99.959825,1,2658.51645
186.365802,400,2664.859601
130.570395,165,2667.500886
145.571981,253,2671.543346
7.870584,162,2674.046446
99.930825,1,2674.09501
197.658972,400,2680.309555
454.564317,350,2685.891555
120.963329,149,2688.160539
120.691533,145,2690.399215
181.772079,400,2696.650972
100.002147,1,2696.6992
60.990633,219,2700.115566
247.458232,259,2704.484059
94.524785,123,2706.565387
337.601503,400,2713.286095
199.582558,400,2719.941945
121.129496,147,2722.282318
141.137188,400,2728.969716
-41.579191,7,2729.11948
302.849077,354,2735.119411
99.87402,1,2735.169271
-46.57587,3,2735.25245
-29.118807,19,2735.598971
119.375102,163,2738.356067
-42.99979,7,2738.503842
-29.110588,19,2738.910268
3.329587,400,2745.613714
370.803738,357,2751.383806
99.810647,1,2751.431254
474.42247,400,2758.090876
251.327887,263,2762.486972
308.615396,400,2769.032013
197.959986,400,2775.802886
228.121115,234,2779.747805
232.452114,363,2785.726622
2.074349,54,2786.651819
116.798875,146,2789.224381
135.620974,400,2795.920854
117.884822,146,2798.559583
172.216636,204,2801.959346
172.042499,203,2805.367507
99.864442,1,2805.418014
99.854643,1,2805.467498
128.058011,188,2808.659041
139.870841,400,2815.418518
452.661795,335,2821.192446
107.564355,137,2823.557818
457.374937,366,2829.62881
99.932221,1,2829.67762
331.956746,330,2835.083344
153.421198,400,2841.443393
210.808892,400,2848.136035
100.001036,1,2848.187192
-49.978955,17,2848.533817
7.241413,400,2855.436826
116.691199,148,2857.889804
318.954393,400,2864.815326
-43.099362,6,2864.960035
111.8349,138,2867.327253
111.824816,138,2869.620173
-49.526421,63,2870.639746
167.381384,199,2873.944041
195.683463,400,2880.584401
-13.83372,30,2881.068255
-49.830449,55,2881.963733
-49.235363,75,2883.204639
110.528072,136,2885.572892
-49.889039,1,2885.622199
115.636679,190,2888.677858
99.812808,1,2888.727235
-33.112983,14,2888.989827
173.956064,337,2894.672948
450.042947,396,2901.29394
-50.490748,67,2902.373385
-50.010263,1,2902.424077
110.799995,137,2904.782257
468.559499,400,2911.618148
99.905371,1,2911.668278
373.147922,366,2918.015353
99.842176,1,2918.067901
-47.599737,2,2918.135378
460.424276,366,2924.349513
176.488457,289,2929.335462
-4.911386,400,2936.074812
467.371359,355,2942.153571
-50.011089,1,2942.204753
-5.018532,400,2949.038591
181.30971,264,2953.554566
456.602861,400,2960.227242
110.590233,325,2965.647741
19.475717,160,2968.358662
-58.062731,155,2971.113627
-28.262741,26,2971.577783
-48.920905,58,2972.671996
114.655759,142,2975.055796
4.753309,400,2981.892443
99.898316,1,2981.942244
4.655457,400,2988.893313
450.387286,400,2995.455913
-48.882988,72,2996.674369
-39.149507,9,2996.85826
-16.58036,400,3003.601588
-50.010072,1,3003.650959
180.95397,400,3010.379116
124.234729,153,3013.010563
114.58691,141,3015.458397
232.323807,400,3021.897373
-51.155932,34,3022.471753
99.789251,1,3022.520836
99.891152,1,3022.568924
-48.896889,73,3023.853564
199.209568,400,3030.773231
210.394922,400,3037.798363
5.672296,400,3044.647006
-45.285687,5,3044.76345
100.012102,1,3044.814042
151.030839,259,3049.177907
-41.290348,12,3049.442656
192.945573,400,3056.29037
449.613783,340,3062.114997
100.010169,1,3062.164783
-40.509633,192,3065.424935
213.775181,400,3072.198338
111.892869,211,3075.779737
-1.67794,42,3076.496334
209.639288,400,3083.065738
462.877682,400,3089.865688
-10.82063,400,3096.904235
215.065878,400,3103.755882
200.855034,400,3110.606426
154.058918,400,3117.387628
-38.018523,10,3117.590645
217.455917,400,3124.379034
187.710133,400,3131.10845
-12.712392,400,3138.180282
-9.17604,400,3144.652627
7.396035,400,3151.571735
-1.858228,400,3158.33357
203.260292,400,3165.086699
311.069084,400,3171.555899
348.176307,400,3178.225152
-48.183797,14,3178.522142
447.620256,345,3184.372242
-50.231001,30,3184.900309
-47.589356,2,3184.967191
-33.132874,14,3185.262151
209.217566,400,3191.873772
129.538649,400,3198.5227
14.390069,56,3199.483025
120.871984,400,3205.996193
462.929725,400,3212.813256
118.950941,400,3219.635383
131.03322,400,3226.171714
136.479133,160,3228.683869
99.862323,1,3228.734738
463.830719,400,3235.143959
450.68619,338,3240.710928
337.091908,400,3247.349706
336.725474,400,3254.025149
448.681921,350,3259.555224
99.818608,1,3259.602443
99.779176,1,3259.650128
473.622838,400,3266.139508
133.662828,156,3268.650205
99.877591,1,3268.700938
129.196151,400,3275.173016
-49.873506,1,3275.221824
245.131723,400,3281.51598
106.487224,400,3288.138564
87.78528,157,3290.920025
-2.468761,400,3297.78847
457.321177,400,3304.816149
-49.47216,4,3304.920279
8.241227,400,3311.779795
449.678507,343,3317.517011
135.43592,169,3320.304238
170.457709,400,3326.854674
178.977012,400,3333.602764
132.061279,194,3336.989913
234.30962,400,3344.047898
9.511073,400,3350.980044
202.462239,283,3355.622945
127.235238,163,3358.463905
1.174108,400,3365.306683
227.840779,400,3372.126098
113.078699,154,3374.800972
328.608828,400,3381.794668
326.248318,324,3387.249763
188.699933,400,3394.098462
-0.63092,400,3401.033422
301.640308,299,3406.09706
244.569582,252,3410.302275
137.126414,205,3413.561868
450.783744,341,3419.336158
186.539519,400,3426.172566
100.089522,1,3426.221712
99.848522,1,3426.269224
-47.060399,161,3428.810968
461.440973,400,3435.546978
226.453809,400,3441.963689
99.952575,1,3442.012506
257.752497,400,3448.533109
30.687957,400,3454.975487
466.468595,400,3461.464806
160.492612,400,3467.902341
208.080017,400,3474.459733
191.550183,400,3481.020529
298.591468,347,3486.558656
360.493511,359,3492.341353
287.550101,373,3498.182646
254.672665,260,3502.537497
-1.255403,400,3509.044957
251.270833,400,3515.82567
-47.711713,2,3515.890756
420.712947,400,3522.317848
449.610759,342,3527.904575
-49.87094,1,3527.953257
461.111861,339,3533.238491
101.200482,1,3533.286859
-50.705482,49,3534.093641
105.986274,400,3540.612195
100.011728,1,3540.661629
220.348098,400,3547.284698
99.828721,1,3547.332096
-52.374863,71,3548.500802
-46.393189,3,3548.579401
143.086215,370,3554.429304
128.241286,187,3557.407657
217.268767,400,3563.636402
130.515969,216,3567.189842
144.788351,400,3573.502005
-39.994789,112,3575.377212
99.986022,1,3575.425275
125.84675,400,3581.848041
181.609229,400,3588.283736
191.529335,292,3593.005598
218.670454,400,3599.546045
448.490967,353,3605.250809
325.546763,400,3611.648247
448.589791,347,3617.308705
101.178043,1,3617.356769
-2.699058,400,3623.649385
100.083371,1,3623.696814
196.356851,400,3630.187246
101.182505,1,3630.236582
436.297236,367,3636.080989
198.552591,400,3642.365493
354.924681,400,3648.729124
467.588937,400,3655.198581
228.61374,400,3661.654497
158.895708,400,3667.946865
179.094641,214,3671.371709
26.69559,184,3674.277349
206.249601,400,3680.878145
221.92407,400,3687.460157
78.467328,400,3693.963257
122.675234,173,3696.873167
130.032748,400,3703.336424
153.601905,400,3710.188641
-49.863813,1,3710.238774
172.03928,400,3716.873923
233.324872,400,3723.51245
184.887298,400,3730.002747
194.932793,400,3736.518271
7.388721,155,3739.178437
449.667732,345,3744.599014
139.679102,400,3751.350968
101.167001,1,3751.401305
134.151133,400,3758.244995
299.982409,299,3763.285029
-29.006797,129,3765.46529
156.258732,176,3768.496433
100.135702,1,3768.545703
449.616481,349,3774.316452
-42.7618,6,3774.449265
192.864476,297,3779.577066
-40.562105,216,3783.241573
18.741251,151,3785.680276
-48.825825,1,3785.731235
-45.289126,5,3785.846668
183.000722,232,3789.657033
263.99602,269,3793.990531
168.167781,252,3798.218297
132.072136,189,3801.252429
468.965418,400,3807.581967
-47.442125,73,3808.725379
208.09865,400,3815.695558
221.433344,400,3822.324211
459.349536,400,3829.165889
155.53046,400,3835.801501
208.554183,400,3842.182142
99.979055,1,3842.230285
448.627947,400,3848.722797
234.672097,400,3855.412791
-3.74037,400,3862.069846
216.765117,400,3868.596955
272.835285,277,3873.31589
459.712472,400,3879.772461
-43.720897,9,3879.955565
267.195077,400,3886.599338
450.722593,341,3892.434883
101.183266,1,3892.48511
-52.27087,33,3893.093139
-8.139666,36,3893.672788
373.513687,400,3900.285839
-47.320655,5,3900.401061
214.274022,240,3904.433337
251.681497,400,3911.092704
185.0674,400,3917.788583
101.186712,1,3917.83813
452.638376,349,3923.500873
240.784633,352,3929.436931
132.838473,172,3932.36727
213.096374,400,3938.797955
450.667867,344,3944.393096
205.122747,400,3951.06148
459.074894,400,3957.649995
-3.578924,400,3964.074715
469.634263,400,3970.559893
213.801146,400,3977.414937
330.2479,400,3983.894661
101.154827,1,3983.942788
453.59381,358,3990.058666
406.382002,392,3996.789914
222.842614,400,4003.455554
140.065259,269,4007.95166
101.204531,1,4008.001238
101.205252,1,4008.050272
206.048207,400,4014.673701
469.316466,400,4021.278407
220.076669,400,4027.552745
-2.116071,400,4033.869639
243.742521,400,4040.313459
325.850808,400,4046.676603
446.940493,338,4051.958866
185.979834,400,4058.167851
-37.94212,10,4058.353462
219.786797,400,4064.874236
273.720611,367,4070.754139
171.463845,400,4077.061311
198.630418,400,4083.280661
163.518513,202,4086.500302
-50.060079,5,4086.611305
462.053728,400,4092.844224
1.06903,400,4099.043456
256.546026,400,4105.501757
1.8997,400,4111.840774
101.203523,1,4111.888459
263.394702,361,4117.454018
230.618022,400,4123.819663
449.628749,342,4129.299204
428.238706,400,4135.491658
211.156991,400,4141.809644
193.707118,214,4145.144367
218.423592,400,4151.442067
-49.404135,28,4151.900365
151.197739,341,4157.276564
348.800018,400,4163.619865
-51.142308,52,4164.468906
188.547927,225,4168.175432
351.899333,400,4174.582203
451.762941,341,4179.832248
-50.442831,32,4180.384979
389.861798,378,4186.30443
267.474744,284,4190.810404
153.602201,182,4193.740815
101.182934,1,4193.789032
230.069743,400,4200.067993
174.10312,400,4206.315638
447.64738,400,4212.722452
189.507557,286,4217.217036
134.221565,170,4219.834217
99.83841,1,4219.881519
354.499933,400,4226.259361
465.960158,332,4231.607666
268.130995,400,4238.080764
179.886723,400,4244.447454
221.323448,400,4250.853462
217.372449,400,4257.285852
182.493596,206,4260.753536
163.556711,189,4263.812754
1.878548,400,4270.221631
355.294229,400,4276.521767
187.297546,400,4282.934251
192.109658,400,4289.348337
1.621868,400,4295.906804
101.205482,1,4295.956369
230.367926,400,4302.564156
361.75346,400,4308.915498
169.308391,400,4315.610099
-3.217798,400,4322.152667
-35.611681,12,4322.371025
184.79127,400,4328.683234
101.196458,1,4328.730595
-2.402672,400,4335.254034
184.714043,400,4341.838645
181.43321,381,4348.332516
100.11497,1,4348.381051
195.990475,378,4354.386816
129.494326,210,4357.944487
0.217423,400,4364.308606
236.685343,400,4370.692001
346.027855,400,4377.325961
185.46362,400,4383.896451
209.187498,400,4390.391259
292.546225,400,4396.997531
342.407648,338,4402.505475
-45.177508,4,4402.601455
263.122187,275,4407.153292
199.40298,400,4413.791364
218.581374,400,4420.262206
195.765083,400,4426.715741
243.685609,360,4432.531751
228.801032,400,4438.989079
-36.068551,13,4439.221297
250.243355,400,4445.583368
200.908173,240,4449.526791
193.285413,400,4455.82969
-69.038823,150,4458.297794
10.244138,50,4459.093583
-48.858653,1,4459.141437
101.199518,1,4459.189264
101.16908,1,4459.236252
222.000257,400,4465.651765
165.725815,197,4468.865155
226.602961,400,4475.316056
156.640633,175,4478.245955
101.204524,1,4478.294697
216.774736,400,4484.712578
-50.061294,17,4485.005868
313.797817,400,4491.593916
203.070137,400,4498.168478
449.922938,340,4503.609113
223.532758,400,4510.354343
201.11274,400,4516.842961
362.497286,400,4523.293929
100.106722,1,4523.341343
234.863862,400,4529.704242
0.031381,400,4536.151891
188.441334,400,4542.533943
-30.0133,121,4544.419145
-30.043459,20,4544.757463
202.556145,400,4551.792947
-48.794318,1,4551.842853
-6.045747,400,4558.638905
206.987201,400,4565.396111
-11.242707,119,4567.250753
199.983786,400,4573.795218
462.741064,400,4580.701685
-38.517303,10,4580.899127
192.138516,400,4587.737334
-48.859889,1,4587.787113
62.484778,100,4589.548243
168.658766,192,4592.914899
234.179422,243,4597.029587
463.923197,400,4603.851327
210.36171,232,4607.783175
70.434531,102,4609.533468
359.012627,400,4616.267123
138.573949,167,4618.983396
344.853297,400,4625.616806
192.80013,400,4632.437131
196.784217,400,4639.296779
459.450709,400,4646.001013
-11.524545,32,4646.600092
454.214674,386,4652.969305
-18.879239,26,4653.438394
236.93062,400,4660.311467
215.176294,243,4664.469387
327.0036,400,4671.258045
250.800865,400,4677.998383
182.907987,400,4684.830014
458.648083,400,4691.563364
-49.70495,57,4692.538021
209.935643,239,4696.688041
181.241742,400,4703.332669
372.162254,355,4709.383998
290.311991,302,4714.463541
101.207588,1,4714.513034
101.208475,1,4714.561771
209.508077,248,4718.844304
455.773324,400,4725.631768
7.503529,48,4726.494189
101.192309,1,4726.54504
-50.009675,1,4726.594862
200.994833,400,4733.463814
218.261062,400,4740.422033
137.913487,199,4743.782833
-50.602298,22,4744.180561
101.207462,1,4744.2305
-29.553889,17,4744.545391
-9.07574,123,4746.720682
232.689476,400,4753.502934
-40.402908,8,4753.670719
-48.794999,1,4753.720063
467.631864,400,4760.559364
-15.078656,29,4761.031451
450.43851,364,4767.3035
359.383473,400,4774.163184
162.390523,201,4777.595871
-20.012239,25,4778.040886
-42.786192,6,4778.173334
101.201274,1,4778.222848
0.165225,400,4785.086871
311.319166,400,4791.896988
239.430303,400,4798.605286
171.687527,400,4805.435752
309.813228,400,4812.260722
376.0585,367,4818.507646
266.21965,374,4824.751588
191.663522,400,4831.769137
101.20701,1,4831.820125
-39.18671,9,4832.009155
222.783551,400,4838.872224
221.451084,400,4845.683288
-0.627657,400,4852.591151
454.819154,370,4858.939789
195.152134,252,4863.345846
199.169993,400,4870.104527
333.825618,400,4876.859831
11.378737,51,4877.766576
-0.750422,400,4884.470521
-2.071722,400,4891.282525
214.702859,400,4898.026555
456.598291,352,4903.995433
454.532476,362,4910.153738
-48.796674,1,4910.201725
217.534531,400,4916.952871
200.257421,400,4923.476746
292.920809,294,4928.180162
-17.503464,27,4928.62272
229.324153,400,4934.839557
335.290807,400,4941.272338
-27.110627,19,4941.597559
457.618774,400,4947.946403
113.858468,145,4950.260161
191.485921,400,4956.578427
260.190039,400,4962.910531
-42.809086,6,4963.037462
208.922366,400,4969.406335
204.65161,400,4975.756694
453.599625,348,4981.210749
228.876499,400,4987.621811
266.320591,274,4991.978791
468.320057,400,4998.239044
271.950467,400,5004.626657
233.847388,400,5010.86375
263.429004,400,5017.082249
208.246152,400,5023.617183
271.45282,400,5029.946635
-0.362198,400,5036.191168
242.58767,400,5042.563495
-22.332087,23,5042.967518
101.173194,1,5043.015182
99.798637,1,5043.061982
384.06956,383,5049.095301
101.1521,1,5049.14331
171.966887,203,5052.377832
285.637646,295,5056.983528
152.193198,187,5059.957505
343.504265,338,5065.254659
286.775289,376,5071.17179
101.161844,1,5071.219929
185.908248,400,5077.597051
188.496503,225,5081.17455
-4.501162,400,5087.436777
285.537361,382,5093.520134
450.410643,363,5099.245073
350.693529,400,5105.482927
467.469637,400,5111.793804
-0.675289,400,5118.242162
357.495622,400,5124.770062
189.199877,274,5129.176964
159.107842,194,5132.24644
215.115853,400,5138.646984
369.793331,400,5144.885847
231.267545,400,5151.371629
-2.001962,400,5157.661729
259.559622,268,5161.897928
359.659405,400,5168.178112
233.679789,400,5174.425956
205.87233,400,5180.973573
449.652276,400,5187.270254
194.739286,400,5193.503718
192.74779,225,5197.048788
173.8588,205,5200.326391
173.881148,294,5205.140102
198.370229,319,5210.189617
173.321124,221,5213.772771
247.133234,260,5217.880105
101.193086,1,5217.928174
226.461781,400,5224.211352
195.889435,220,5227.679257
451.572378,352,5233.162529
279.568238,400,5239.370244
101.182203,1,5239.419103
161.993876,184,5242.50623
169.867966,194,5245.545552
173.591421,205,5248.887555
175.375061,231,5252.507547
211.080658,400,5258.827863
213.775253,400,5265.066213
459.393097,400,5271.440529
17.988192,60,5272.465163
101.191491,1,5272.511791
347.981199,400,5278.805235
178.846871,400,5285.178586
300.962001,387,5291.298908
157.116574,400,5297.557628
101.205799,1,5297.605197
323.878288,400,5303.921683
-50.010028,1,5303.96915
466.376191,400,5310.245063
211.417835,400,5316.459226
372.985002,400,5322.727041
101.202913,1,5322.775937
338.018336,400,5329.130139
-48.742113,10,5329.318005
147.560488,187,5332.323114
459.354993,373,5338.302106
278.578292,359,5343.917392
101.204153,1,5343.965359
259.606219,400,5350.182693
113.895171,196,5353.291157
100.087467,1,5353.341711
130.396481,203,5356.529429
-49.913631,31,5357.102661
136.435481,400,5363.333068
101.207149,1,5363.380908
354.929712,392,5369.515503
101.186207,1,5369.563089
-6.579738,400,5375.892965
330.460064,330,5381.074137
215.525036,400,5387.370112
150.599349,178,5390.151561
172.099244,400,5396.39918
452.566156,347,5401.889027
221.211051,400,5408.088107
-48.797197,1,5408.137112
323.671847,400,5414.379177
131.92959,163,5417.109206
286.627526,400,5423.622648
101.197996,1,5423.671782
-0.577655,400,5429.959259
-49.89963,48,5430.819691
101.207706,1,5430.86831
208.185867,400,5437.057441
256.004156,400,5443.347925
178.06192,400,5449.654028
99.208956,127,5451.637271
211.278714,400,5458.006988
-50.035443,3,5458.087116
404.643741,389,5464.267301
451.64273,342,5469.585131
-49.936716,259,5473.663871
451.603849,343,5479.021311
220.296074,400,5485.500571
457.397654,371,5491.30919
311.680816,400,5497.524037
470.327863,400,5503.905458
70.082053,188,5506.839605
280.506286,400,5513.095278
198.82442,400,5519.43505
-50.320929,30,5519.958954
146.688211,174,5522.792902
235.981509,400,5529.046773
236.235655,400,5535.372622
462.156947,400,5541.757032
454.653077,344,5547.106814
-50.646179,34,5547.738263
373.827905,400,5554.112844
129.948894,153,5556.546461
128.653754,160,5559.112167
265.420524,400,5565.419774
310.653145,309,5570.332824
-6.390443,37,5570.941322
225.211564,400,5577.25533
101.162863,1,5577.307221
211.224471,400,5583.581353
358.141728,400,5589.872259
449.441123,335,5595.141452
-21.066081,24,5595.544193
192.711481,400,5601.873712
265.337523,270,5606.132102
216.978104,400,5612.36695
365.652845,400,5618.648617
457.856955,400,5624.854034
454.756593,338,5630.132883
-48.796624,1,5630.181444
467.944334,400,5636.593805
232.180107,400,5642.869164
101.205836,1,5642.918483
-40.713017,9,5643.091615
262.090258,400,5649.436839
-48.856972,1,5649.486625
324.002347,400,5655.716582
101.20396,1,5655.764499
101.188242,1,5655.811994
101.202366,1,5655.859361
-22.277764,23,5656.24247
-36.535971,119,5658.075106
99.980045,1,5658.123946
-48.859227,1,5658.172081
101.185634,1,5658.220177
457.508287,400,5664.643537
183.569015,221,5668.104668
99.853954,1,5668.152874
214.236237,400,5674.521508
206.301836,400,5680.848998
295.034328,297,5685.527243
232.236337,400,5691.844659
1.324545,400,5698.158668
-48.852816,1,5698.2061
100.061446,1,5698.253803
101.206786,1,5698.302024
326.781155,400,5704.620373
205.721573,400,5710.896322
-37.243137,12,5711.116602
-49.865329,1,5711.166614
378.019122,372,5717.024896
101.198282,1,5717.072213
229.47406,400,5723.537959
236.526875,400,5730.043948
-46.553988,20,5730.379673
244.686868,400,5736.839686
267.707157,400,5743.159834
252.624185,400,5749.741453
203.453499,400,5756.25262
425.931282,400,5762.492673
-15.256404,29,5762.970214
126.463418,151,5765.306226
253.582651,400,5771.634343
247.199001,254,5775.755764
35.793371,166,5778.345624
251.993398,258,5782.616436
-4.294357,38,5783.225006
458.712873,334,5788.528103
228.069922,400,5795.051018
365.519779,400,5801.517393
455.050581,400,5807.837788
235.080519,400,5814.232242
342.65893,400,5820.621526
196.375892,265,5824.92364
186.856632,400,5831.3651
101.202513,1,5831.413982
-48.312513,5,5831.524148
99.774202,1,5831.571441
180.889521,212,5834.98911
179.568868,400,5841.545394
242.815489,400,5848.642743
415.565389,322,5853.990444
-45.009576,7,5854.141554
469.730506,400,5860.870521
238.543087,400,5867.529042
2.013633,400,5874.317051
458.018255,400,5881.284944
-26.538056,62,5882.41849
-49.504192,66,5883.560229
203.912412,400,5890.406924
190.025299,232,5894.246302
360.198588,361,5900.370773
410.94138,400,5906.957098
160.413683,192,5910.261085
164.97337,194,5913.608019
-36.240167,12,5913.845452
441.941822,400,5920.661816
228.382163,400,5927.611946
227.092303,400,5934.048081
337.091086,400,5940.953701
421.228297,305,5946.057431
16.71405,149,5948.839324
339.777592,400,5955.77179
-0.062277,400,5962.402596
192.886763,335,5967.992931
275.429348,400,5974.886078
-29.109058,20,5975.259078
221.737684,400,5982.100257
101.200886,1,5982.149982
-50.081571,10,5982.417678
153.706585,182,5985.523669
185.485782,400,5992.498498
-49.784539,25,5992.948006
-48.798698,1,5992.998251
456.214014,379,5999.588264
347.991287,400,6006.504302
3.898522,400,6013.631569
292.75123,400,6020.555097
287.903364,354,6026.314792
168.828375,325,6031.893611
174.318457,203,6035.41175
213.523176,400,6042.443915
-23.23938,23,6042.862657
101.207948,1,6042.911945
290.36539,297,6047.965511
211.678529,400,6054.799886
101.20483,1,6054.849409
9.108732,62,6055.955701
363.343253,372,6062.427214
-50.553024,60,6063.465073
257.629591,400,6070.465483
219.694155,400,6077.294405
-49.955275,15,6077.588345
200.490088,400,6084.062535
129.515454,151,6086.714762
-29.505282,17,6087.032849
231.209638,389,6093.658575
187.482913,216,6097.457129
320.685113,400,6104.479537
26.817706,158,6107.224801
124.930257,148,6109.797063
191.938929,219,6113.539066
241.082878,400,6120.429714
194.276867,247,6124.546443
100.052734,1,6124.595969
219.883906,400,6131.446046
101.20477,1,6131.495673
-48.813572,1,6131.544603
-49.928573,1,6131.594121
101.193689,1,6131.643966
188.075084,344,6137.66312
-1.703208,400,6144.209235
7.21873,48,6145.093744
16.316418,379,6151.837954
403.445119,400,6158.699735
-43.493828,153,6161.275201
101.20587,1,6161.32495
208.562413,400,6168.278626
101.207199,1,6168.326738
-46.345899,147,6170.819069
246.501598,400,6177.717883
246.246551,400,6184.581934
101.207315,1,6184.634188
35.483783,159,6187.347331
364.018743,400,6194.349879
253.119642,357,6200.439076
-50.010262,1,6200.487377
236.757233,400,6206.910356
235.844243,400,6213.587538
461.033984,400,6220.482053
-48.793326,1,6220.53106
-2.454047,400,6227.347949
227.338456,400,6234.129489
329.844266,400,6240.939891
193.239241,228,6244.882404
221.309948,400,6251.736484
374.893119,366,6257.937227
-50.5032,38,6258.643376
244.720838,400,6265.585753
-28.436019,18,6265.926788
-31.943157,15,6266.212748
456.209145,400,6273.121197
-50.021914,1,6273.170934
449.578435,350,6279.137926
261.961652,400,6285.948393
101.202863,1,6285.998184
324.984446,400,6292.832116
453.708284,343,6298.671921
173.831658,234,6302.691059
-50.477149,24,6303.128874
101.197119,1,6303.178747
-32.300103,18,6303.514146
234.080817,400,6310.424411
-24.430932,23,6310.848015
101.205983,1,6310.898252
101.194555,1,6310.948449
-13.747178,160,6313.760006
342.176586,400,6320.715925
-2.474802,400,6327.704355
-50.020403,2,6327.772657
433.987535,400,6334.72083
452.783659,338,6340.532708
-42.852746,8,6340.702529
440.121476,400,6347.654333
218.707936,400,6354.81237
-46.384927,3,6354.8963
266.45675,400,6361.933424
354.39076,400,6368.771498
39.532753,86,6370.183014
99.771661,1,6370.231198
214.721364,400,6376.853067
75.714805,113,6378.771961
182.129545,293,6383.652517
-3.727082,182,6386.591919
388.276573,383,6392.819086
457.753825,400,6399.608784
450.42466,363,6405.968629
326.374284,400,6412.852179
161.828513,191,6416.233112
259.065023,400,6423.163604
453.646359,351,6429.284457
163.64084,400,6436.328087
203.603644,331,6442.012992
-27.141253,19,6442.396265
322.432486,400,6449.409701
460.390273,364,6455.672543
101.207747,1,6455.724897
101.206474,1,6455.775115
206.402884,400,6462.654581
231.319307,400,6469.564488
-48.79751,1,6469.618209
272.863045,374,6476.205997
100.076776,1,6476.255365
451.560815,361,6482.491367
-27.962836,20,6482.892298
-47.303749,5,6483.010873
462.340541,366,6489.339982
194.810733,400,6496.268662
466.04857,400,6503.126039
230.826805,400,6510.0865
325.049055,400,6516.66853
291.676859,298,6521.632531
322.5052,400,6528.396973
-48.857769,1,6528.445546
234.565391,400,6535.183127
452.643661,350,6541.256481
245.461311,400,6547.986782
-12.656287,31,6548.546499
-10.874223,33,6549.136572
170.521452,231,6553.268502
220.813774,400,6560.29243
-42.883414,6,6560.431738
450.224363,400,6567.277275
463.716742,400,6574.221433
360.675613,400,6581.01972
228.399807,400,6587.847265
254.142778,263,6592.440042
210.397102,349,6598.495586
452.598042,352,6604.55264
195.491141,400,6611.480664
-25.923035,20,6611.856826
463.087558,400,6618.791096
330.718553,400,6625.394489
162.752935,189,6628.564263
101.207331,1,6628.614129
252.219786,400,6635.676506
242.110381,400,6642.378609
231.030299,400,6649.025479
239.297255,400,6655.808932
228.143972,400,6662.789765
-7.949727,400,6669.641697
309.688751,365,6675.827399
101.207435,1,6675.877469
265.252403,268,6680.509249
221.795657,400,6687.175362
352.502152,400,6693.785875
232.20734,400,6700.644402
-7.758952,40,6701.425579
100.049308,1,6701.476165
334.789667,400,6708.348989
294.922755,294,6713.175179
5.510943,311,6718.463262
-8.44482,205,6722.104692
228.996879,400,6728.805235
101.202369,1,6728.853632
-49.935887,5,6728.964971
462.268118,381,6735.303187
331.47182,400,6742.053979
17.632141,155,6744.594646
-49.893019,14,6744.849171
256.570346,400,6751.728781
238.576706,400,6758.656523
464.284024,374,6765.118091
244.383175,400,6771.999444
240.233212,400,6778.851343
24.654087,74,6780.171498
155.37576,183,6783.408636
99.966238,1,6783.459582
-1.227605,400,6790.280342
465.342186,380,6796.769481
246.280333,400,6803.783044
431.325536,400,6810.502714
175.346112,400,6817.400475
-41.552182,7,6817.55945
244.992517,400,6824.512609
243.778329,400,6831.376901
-44.167325,160,6834.125959
190.858223,291,6839.024642
99.804955,1,6839.074032
-21.127052,24,6839.509964
455.264113,330,6845.315041
268.429828,277,6850.140991
462.309347,378,6856.618243
338.723483,400,6863.678064
-75.964181,255,6867.849526
247.02987,400,6874.817605
101.204191,1,6874.867875
277.140602,400,6881.756047
163.83979,197,6885.151236
163.79027,197,6888.511305
-0.904335,400,6895.079837
170.129234,197,6898.426612
182.766146,210,6902.004357
242.670991,400,6908.868765
457.602573,356,6914.977596
186.65793,326,6920.478421
211.393354,400,6927.264215
152.896496,191,6930.566842
-51.025254,39,6931.212728
101.204579,1,6931.264904
158.622989,189,6934.597639
260.56709,400,6941.46533
264.909349,400,6948.306039
-49.981172,28,6948.812598
-50.010176,1,6948.861699
157.50844,400,6955.828964
148.918908,169,6958.647739
457.627874,347,6964.485701
7.249727,50,6965.374387
230.115014,400,6972.219996
101.201241,1,6972.271729
260.249029,400,6979.295367
-50.128324,13,6979.533623
-3.393229,400,6986.302585
-19.871587,25,6986.795775
-34.92381,14,6987.068665
-48.833826,1,6987.119249
-2.956953,400,6993.888873
225.999053,400,7000.690845
252.607162,400,7007.499097
454.540379,350,7013.334279
216.779247,400,7020.14362
223.645656,400,7026.887369
-1.606894,400,7033.595684
166.860438,203,7037.090232
215.235175,400,7044.011024
101.201782,1,7044.061553
164.840685,193,7047.309244
247.776159,400,7053.998181
-11.659789,159,7056.723819
234.737988,400,7063.404241
217.771898,400,7070.205129
172.383123,249,7074.542378
253.111986,400,7081.223949
197.849895,338,7086.926264
101.199815,1,7086.976685
101.197802,1,7087.025891
242.617424,400,7093.795276
472.85395,358,7100.019305
-42.991579,7,7100.162112
454.534547,356,7106.179184
231.963491,400,7112.96076
100.084783,1,7113.011239
68.327684,211,7116.689987
459.33925,400,7123.617017
100.05115,1,7123.668896
224.806095,400,7130.474576
-35.070472,13,7130.704785
239.592954,400,7137.438496
46.571688,218,7141.181085
251.599894,400,7147.960833
232.732618,400,7154.77966
55.639962,214,7158.412942
263.017112,269,7162.858112
101.207228,1,7162.909368
101.205979,1,7162.960129
331.805788,400,7169.680283
463.299491,378,7176.20558
49.075736,215,7179.87929
249.030258,400,7186.618361
228.666617,400,7193.409347
101.207728,1,7193.458888
217.730892,400,7200.194587
101.207052,1,7200.244844
205.244778,371,7206.415388
100.018748,235,7210.518337
243.833189,384,7216.903758
228.807955,400,7223.566277
-50.030375,3,7223.650074
215.616634,400,7230.529233
311.299048,310,7235.758916
-4.999783,400,7242.489465
100.035337,1,7242.539203
171.342223,201,7246.041607
333.151646,400,7253.047328
214.430119,400,7259.708353
-50.647027,24,7260.142904
164.500204,204,7263.553643
100.104384,1,7263.603821
218.837056,400,7270.436854
101.204773,1,7270.485766
1.451182,43,7271.214868
-47.439696,4,7271.341472
101.173955,1,7271.390597
225.585566,400,7278.098272
224.800657,400,7284.861071
224.562517,400,7291.574147
449.622936,368,7297.867671
101.208514,1,7297.918612
101.193927,1,7297.967504
217.103953,351,7304.010556
-0.817185,400,7310.833371
213.03977,400,7317.717674
260.08948,274,7322.320293
324.952045,400,7329.140734
368.896579,400,7335.782332
338.817985,400,7342.586753
101.185277,1,7342.63753
354.14751,400,7349.445357
259.858092,348,7355.428908
455.763575,343,7361.24223
242.085408,258,7365.620802
334.64861,400,7372.416671
300.648912,388,7379.109135
215.670287,400,7385.944914
210.959671,400,7392.83973
220.36789,400,7399.559197
329.066788,400,7406.314643
235.829323,400,7413.132404
465.410625,400,7420.055273
456.627289,346,7425.999313
172.03593,191,7429.151316
197.144547,400,7435.706133
100.02935,1,7435.756226
280.415276,289,7440.702785
198.626917,221,7444.411073
153.476146,400,7451.287148
411.017177,400,7458.074692
2.175897,400,7464.648787
259.887963,365,7470.840887
240.013853,400,7477.429648
-48.794437,1,7477.480726
247.616099,400,7484.33129
-11.528589,32,7484.909524
-12.453767,43,7485.673222
281.226813,339,7491.525562
32.587518,175,7494.604496
335.17206,400,7501.517023
344.070754,335,7507.183168
-24.36092,32,7507.744258
99.95222,1,7507.793958
321.13866,315,7513.192652
277.400998,376,7519.50052
449.788711,339,7525.220703
2.487105,400,7532.002389
340.763098,400,7538.749028
99.87679,1,7538.798826
222.662774,400,7545.584887
-29.145018,19,7545.933769
246.626304,400,7552.657961
0.596139,400,7559.51516
100.019645,1,7559.565659
-41.514527,119,7561.617457
99.992265,1,7561.665747
458.463463,357,7567.87461
326.075629,400,7574.851685
185.385712,400,7581.447039
466.031754,400,7588.233449
100.114342,1,7588.283565
186.190807,202,7591.768957
248.453841,400,7598.646063
334.873302,400,7605.408612
468.172265,363,7611.515219
449.541539,360,7617.670889
99.830478,1,7617.720243
-1.449554,400,7624.725775
159.135573,195,7628.020382
256.239809,400,7634.92999
101.203633,1,7634.980638
179.458407,195,7638.228349
244.454468,400,7645.059051
2.499717,400,7651.45301
219.453358,400,7657.825786
255.58528,400,7664.148544
99.975792,1,7664.19728
261.216277,400,7670.650112
99.918799,1,7670.697704
267.192583,400,7677.057543
5.25848,56,7678.001107
366.204595,400,7684.375493
463.511709,362,7690.065314
262.317745,353,7695.794632
327.914963,400,7702.21672
99.907496,1,7702.265654
427.260593,319,7707.621778
55.347637,167,7710.274232
-13.709222,149,7712.761861
-22.823025,149,7715.120432
-50.010151,1,7715.169603
-21.39383,111,7716.94575
443.989722,367,7723.004973
451.463573,357,7728.980926
251.908857,400,7735.392697
370.970419,400,7741.80069
346.642744,352,7747.900249
252.407002,400,7754.335063
466.262187,400,7760.752603
-47.701621,202,7763.946947
257.888969,400,7770.540202
136.413407,167,7773.299805
100.099068,1,7773.348196
248.969584,400,7779.778096
263.11644,400,7786.238175
100.00677,1,7786.2871
268.642687,400,7792.966692
-20.586275,29,7793.488966
119.60071,143,7795.777176
101.190896,1,7795.825122
468.533202,400,7802.238761
160.58765,183,7805.350937
343.037811,400,7811.935731
301.472959,304,7816.940466
458.184631,400,7823.459423
458.820007,337,7829.025502
-27.798671,19,7829.357049
324.726464,400,7835.633231
273.894467,386,7841.886734
101.185282,1,7841.934938
101.161357,1,7841.983618
372.54632,362,7847.71367
255.014228,400,7854.483871
344.853604,400,7860.968272
469.718433,400,7867.254123
186.614593,386,7873.421807
456.626123,343,7878.887084
363.516721,400,7885.699251
-48.366059,288,7890.3177
101.152791,1,7890.365556
210.568969,400,7896.697284
-4.604303,400,7902.988637
-34.199889,96,7904.513881
244.853924,400,7910.858071
100.116973,1,7910.905332
-31.09066,37,7911.558708
312.663941,311,7916.470455
101.170041,1,7916.517887
253.777201,400,7922.840892
223.539642,400,7929.391006
359.625719,400,7936.064034
101.203598,1,7936.112846
101.202741,1,7936.161569
159.097526,400,7942.56548
215.920237,400,7949.060678
337.843864,400,7955.372437
470.93493,400,7961.851483
249.279767,400,7968.184149
221.793147,400,7974.653053
299.587838,400,7981.044442
-17.540521,29,7981.557966
-50.334447,13,7981.792495
101.199762,1,7981.841969
459.72932,345,7987.288053
206.621991,400,7993.744177
293.125404,400,8000.25765
399.123128,390,8006.629526
213.308078,400,8013.105318
462.998285,400,8019.601252
456.983596,356,8025.329258
459.778783,347,8030.889686
210.582155,400,8037.206741
-51.890562,70,8038.357685
101.192421,1,8038.405656
175.919375,400,8045.117307
-48.857804,1,8045.166166
229.58267,400,8051.503131
187.325636,400,8057.88359
451.4324,359,8063.610188
156.202022,189,8066.712168
189.692244,259,8070.970386
-54.298569,110,8072.668018
456.601467,358,8078.504999
-50.009243,1,8078.553603
-18.69548,28,8079.065323
216.973917,400,8085.663174
222.476006,400,8091.991038
253.351753,400,8098.375615
240.820898,400,8104.997171
278.485688,382,8111.286799
-17.4706,27,8111.74659
222.885836,400,8118.196853
238.230188,400,8124.665221
-52.677365,148,8127.080933
-43.128791,6,8127.205331
-38.376153,11,8127.414226
446.423073,400,8133.820451
247.508581,400,8140.263964
237.399917,400,8146.615731
249.903306,400,8152.932883
100.108094,1,8152.98183
327.308265,343,8158.397469
448.084325,400,8165.147314
235.565238,400,8171.586155
-7.057625,400,8178.109777
214.164365,400,8184.679267
198.051559,400,8191.285661
101.157957,1,8191.335518
235.254212,400,8197.717352
148.487765,182,8200.60847
11.535873,400,8207.201774
101.201053,1,8207.251179
153.322533,179,8210.114072
143.425636,175,8212.842868
313.634683,400,8219.373515
183.773951,400,8225.764343
342.296981,400,8232.153636
